1,,ABC Tile Adhesive 25 kls,bags,0,0,0,1
2,x,ABC Tile Adhesive 5 kls,pc,0,0,0,1
3,x,ABC Skim Coat,bags,0,0,0,1
4,x,ABC Tile Grout Blue,packs,0,0,0,1
5,x,ABC Tile Grout Brown,pc,0,0,0,1
6,x,ABC Tile Grout Bahama Beige F1,pc,0,0,0,1
7,x,ABC Tile Grout White,pc,0,0,0,1
8,x,Eagle,bgs,0,0,0,1
9,x,Fortune,pc,0,0,0,1
10,x,Patching Compound,kls,0,0,0,1
11,x,Red Cement,pc,0,0,0,1
12,x,White Cement Chichibu,pack,0,0,0,1
13,x,Republic,bgs,0,0,0,1
14,x,Sahara,32pcs/bx,0,0,0,1
15,x,Chb 4,pcs,0,0,0,2
16,x,Chb 5,pcs,0,0,0,2
17,x,WSand,cm,0,0,0,3
18,x,G 1,cm,0,0,0,3
19,x,G 3/4,cm,0,0,0,3
20,x,G 3/8,cm,0,0,0,3
21,x,S 1,cm,0,0,0,3
22,x,Palanas,cm,0,0,0,4
23,x,Panambak base coarse,cm,0,0,0,5
24,x,Panambak Premium,cm,0,0,0,5
25,x,Common 1,bx,0,0,0,6
26,x,Common 1,kls,0,0,0,6
27,x,Common 1 1/2 F,bx,0,0,0,6
28,x,Common 1 1/2 pentagon,kls,0,0,0,6
29,x,Common 1 1/4,pc,0,0,0,6
30,x,Common 2,pc,0,0,0,6
31,x,Common 2,bx,0,0,0,6
32,x,Common 2 1/2,pc,0,0,0,6
33,x,Common 3,pc,0,0,0,6
34,x,Common 3,bx,0,0,0,6
35,x,Common 4,pc,0,0,0,6
36,x,Common 4 pentagon,bx,0,0,0,6
37,x,Common 5 (1270),pc,0,0,0,6
38,x,Concrete 1,pc,0,0,0,6
39,x,Concrete 1 1/2,pc,0,0,0,6
40,x,Concrete 1 1/2,bx,0,0,0,6
41,x,Concrete 1 1/4,pc,0,0,0,6
42,x,Concrete 2,kls,0,0,0,6
43,x,Concrete 2 1/2,pc,0,0,0,6
44,x,Concrete 3,pc,0,0,0,6
45,x,Concrete 4,kls,0,0,0,6
46,x,Concrete 4,bx,0,0,0,6
47,x,Finishing 1,pc,0,0,0,6
48,x,Finishing 1,bx,0,0,0,6
49,x,Finishing 1 1/2,pc,0,0,0,6
50,x,Finishing 1 1/4,pc,0,0,0,6
51,x,Finishing 2,pc,0,0,0,6
52,x,Finishing 2 1/2,pc,0,0,0,6
53,x,Finishing 3,pc,0,0,0,6
54,x,Flathead Nail 1,pc,0,0,0,6
55,x,Flathead Nail 1 1/2,pc,0,0,0,6
56,x,Hardiflex Nail,pc,0,0,0,6
57,x,Hardiflex Nail,bx,0,0,0,6
58,x,Kwitis (Lengueta),kls,0,0,0,6
59,x,Lead Fastener 1/2,pc,0,0,0,6
60,x,Lead Washer 1/2,pc,0,0,0,6
61,x,Panel Pins 3/4,bx,0,0,0,6
62,x,Panel Pins 7/8,bx,0,0,0,6
63,x,Roofing Nail 2,pc,0,0,0,6
64,x,Roofing nail 2,bx,0,0,0,6
65,x,Roofing Nail 2 1/2,pc,0,0,0,6
66,x,Shoetacks 1/2,box,0,0,0,6
67,x,Shoetacks 5/8,pc,0,0,0,6
68,x,Smooth Nail 5/8,pc,0,0,0,6
69,x,Smooth Nail 7/8,pc,0,0,0,6
70,x,Tex Screw Metal 2,pc,0,0,0,6
71,x,Tex Screw Metal 2 1/2,pc,0,0,0,6
72,x,Tex Screw Wood 1,pc,0,0,0,6
73,x,Tex Screw Wood 2,pc,0,0,0,6
74,x,Tex Screw Wood 2 1/2,pc,0,0,0,6
75,x,U nail 1 1/4,pc,0,0,0,6
76,x,U nail 1 1/4,bx,0,0,0,6
77,x,Umbrella Nail 2,pc,0,0,0,6
78,x,Umbrella Nail 2,bx,0,0,0,6
79,x,Umbrella Nail 2 1/2,bx,0,0,0,6
80,x,Umbrella Nail 2 1/2,pc,0,0,0,6
81,x,Umbrella Nail Twisted 2 1/2,pc,0,0,0,6
82,x,Angle Bar 1/4 x 1 Orange,pc,0,0,0,7
83,x,Angle Bar 1/4 x 1 1/2,pc,0,0,0,7
84,x,Angle Bar 1/4 x 2 Orange,pc,0,0,0,7
85,x,Angle Bar 1/4 x 2 Green,pc,0,0,0,7
86,x,Angle Bar 1/4 x 1 1/4 W,pc,0,0,0,7
87,x,Angle Bar 1/4 x 1 1/2 W 5mm,pc,0,0,0,7
88,x,Angle Bar 1/4 x 2 1/2 W 5mm,pc,0,0,0,7
89,x,Angle Bar 3/16 x 1 1/2 Y,pc,0,0,0,7
90,x,Angle Bar 3/16 x 1 1/4,pc,0,0,0,7
91,x,Angle Bar 3/16 x 2 (2.5),pc,0,0,0,7
92,x,Angle Bar 3/16 x 1 Yellow,pc,0,0,0,7
93,x,Angle Bar 4.0 x 2,pc,0,0,0,7
94,x,Angle Bar 2.5 x 1,pc,0,0,0,7
95,x,Angle Bar 2.5 x 1 1/2,pc,0,0,0,7
96,x,Angle Bar 2.5 x 2,pc,0,0,0,7
97,x,BI Pipe #4,pc,0,0,0,7
98,x,Channel Bar #3 Red,pc,0,0,0,7
99,x,Channel Bar #3 Yellow,pc,0,0,0,7
100,x,Channel Bar #4,pc,0,0,0,7
101,x,Channel Bar #5,pc,0,0,0,7
102,x,C-Purlins 2 x 3 (1.2),pc,0,0,0,7
103,x,C-Purlins 2 x 4 (1.2),pc,0,0,0,7
104,x,C-Purlins 2 x 6 (1.2),pc,0,0,0,7
105,x,C-Purlins 2 x 3 (1.0),pc,0,0,0,7
106,x,Deformed Bar 1.0 kls,pc,0,0,0,7
107,x,Deformed Bar 6mm 1.2 kls,pc,0,0,0,7
108,x,Deformed Bar 7 mm 1.5 kls,pc,0,0,0,7
109,x,Deformed Bar 8 mm 1.7 kls,pc,0,0,0,7
110,x,Deformed Bar 9 mm 1.9 kls,pc,0,0,0,7
111,x,Deformed Bar 9 mm 2.0 kls,pc,0,0,0,7
112,x,Deformed Bar 9 mm 2.2 kls,pc,0,0,0,7
113,x,Deformed Bar 10mm 3.5kls,pc,0,0,0,7
114,x,Deformed Bar 12 mm 5.0 kls,pc,0,0,0,7
115,x,Deformed Bar 16 mm,pc,0,0,0,7
116,x,Deformed Bar 20mm,pc,0,0,0,7
117,x,Flat Bar 1/4 x 1,pc,0,0,0,7
118,x,Flat Bar 1/4 x 2,pc,0,0,0,7
119,x,Flat Bar 3/8 x 1 1/2,pc,0,0,0,7
120,x,Flat Bar 3/16 x 1,pc,0,0,0,7
121,x,Flat Bar 3/16 x 1 1/2,pc,0,0,0,7
122,x,Flat Bat 3/16 x 2,pc,0,0,0,7
123,x,Flat Bat 1/4 x 1 1/2,pc,0,0,0,7
124,x,Plain Round Bar 10mm,pc,0,0,0,7
125,x,Plain Round Bar 12 mm,pc,0,0,0,7
126,x,Plain Round Bar 16 mm,pc,0,0,0,7
127,x,Plain Round Bar 8mm,pc,0,0,0,7
128,x,Plain Round Bar 9mm,pc,0,0,0,7
129,x,Square Bar 10mm W,pc,0,0,0,7
130,x,Square Bar 10mm B,pc,0,0,0,7
131,x,Square Tubing 1 x 1 (2.0),pc,0,0,0,7
132,x,Square Tubing 1 x 2 (2.0),pc,0,0,0,7
133,x,Square Tubing 2 x 2 (1.5),pc,0,0,0,7
134,x,Square Tubing 2 x 4 (1.2),pc,0,0,0,7
135,x,Square Tubing 2 x 6 (1.5),pc,0,0,0,7
136,x,Tubular GI 2x2,pc,0,0,0,7
137,x,Tubular GI 2x3,pc,0,0,0,7
138,x,Tubular GI 2x4 (1.2),pc,0,0,0,7
139,x,GI Rectangular Tube 2x3 1.5 mm,pc,0,0,0,7
140,x,I Bar # 6,pc,0,0,0,7
141,x,Da Narra 1/4,pc,0,0,0,8
142,x,Hardiflex 1/4,pc,0,0,0,8
143,x,Hardiflex 3/16,pc,0,0,0,8
144,x,Lawanit 1/8,pc,0,0,0,8
145,x,Lawanit 3/16,pc,0,0,0,8
146,x,Marine Ply 1/2 China,pc,0,0,0,8
147,x,Marine Ply 1/2 Uniwood,pc,0,0,0,8
148,x,Marine 1/4 China,pc,0,0,0,8
149,x,Marine Ply 1/4 Uniwood,pc,0,0,0,8
150,x,Marine Ply 3/4 China,pc,0,0,0,8
151,x,Marine Ply 3/4 Uniwood,pc,0,0,0,8
152,x,Uniply 1/4,pc,0,0,0,8
153,x,Ord Ply 1/2,pc,0,0,0,8
154,x,Ord Ply 1/2,pc,0,0,0,8
155,x,Ord Ply 1/4,pc,0,0,0,8
156,x,Ord Ply 3/16,pc,0,0,0,8
157,x,Ord Ply 3/4,pc,0,0,0,8
158,x,Phenolic Board 1/2,pc,0,0,0,8
159,x,Phenolic Board 3/4,pc,0,0,0,8
160,x,Plyboard 3/4,pc,0,0,0,8
161,x,Sta Clara 1/4,pc,0,0,0,8
162,x,COCO (TOTAL Bd ft),pc,0,0,0,9
163,x,Baseboard 1x4x10,pc,0,0,0,10
164,x,Baseboard 1x4x12,pc,0,0,0,10
165,x,Baseboard 1x4x8,pc,0,0,0,10
166,x,Clover 1x1x8,7.22/ft,0,0,0,10
167,x,Clover 1x1x10,pc,0,0,0,10
168,x,Clover 1x1x12,pc,0,0,0,10
169,x,Clover 1x2x8,12.80/ft,0,0,0,10
170,x,Clover 1x2x10,pc,0,0,0,10
171,x,Clover 1x2x12,pc,0,0,0,10
172,x,Cornisa ord 1x2x10,15.2/ft,0,0,0,10
173,x,Cornisa ord 1x2x12,pc,0,0,0,10
174,x,Cornisa ord 1x2x8,pc,0,0,0,10
175,x,Cornisa ord 1x3x8,25.65/ft,0,0,0,10
176,x,Cornisa ord 1x3x10,pc,0,0,0,10
177,x,Cornisa ord 1x3x12,pc,0,0,0,10
178,x,Cornisa ord 1x4x8,26.6/ft,0,0,0,10
179,x,Cornisa ord 1x4x10,pc,0,0,0,10
180,x,Cornisa ord 1x4x12,pc,0,0,0,10
181,x,Good Lumber (TOTAL Bd ft),pc,0,0,0,10
182,x,Ecopor 2x2x10,46,0,0,0,10
183,x,Ecopor 2x2x12,pc,0,0,0,10
184,x,Half Round 10ft,7.22/ft,0,0,0,10
185,x,Half Round 12ft,pc,0,0,0,10
186,x,Half Round 14ft,pc,0,0,0,10
187,x,Half Round 16ft,pc,0,0,0,10
188,x,Half Round 8ft,pc,0,0,0,10
189,x,Matwd Clover 1/2x1x8,7.70/ft,0,0,0,10
190,x,Matwd Clover 1x1x10,pc,0,0,0,10
191,x,Matwd Clover 1x1x12,pc,0,0,0,10
192,x,Matwd Clover 1x1x8,pc,0,0,0,10
193,x,Matwd Col Cornice 1x2x10,pc,0,0,0,10
194,x,Matwd Col Cornice 1x3x12,22.4/ft,0,0,0,10
195,x,Matwd Col Cornice 1x2x8,pc,0,0,0,10
196,x,Matwd Cornice 1x6x12 trtd,pc,0,0,0,10
197,x,Matwd Cornice 1x2x12 trtd,14.7/ft,0,0,0,10
198,x,Matwd Cornice 1x4x12 trtd,pc,0,0,0,10
199,x,Matwd Panel Door Florida 41x800x2100,pc,0,0,0,10
200,x,Matwd Panel Door Mexico 41x800x2100,pc,0,0,0,10
201,x,Matwd Panel Door Paris 41x800x2100,pc,0,0,0,10
202,x,Matwd Qtr C 10ft,10/ft,0,0,0,10
203,x,Matwd Qtr C 12ft,pc,0,0,0,10
204,x,Matwd Qtr C 8ft,pc,0,0,0,10
205,x,Matwd Qtr Round 1x1x10,7/ft,0,0,0,10
206,x,Matwd Qtr Round 1x1x12,pc,0,0,0,10
207,x,Matwd Qtr Round 1x1x8,7/ft,0,0,0,10
208,x,Matwd S4S 1/2x10ft,pc,0,0,0,10
209,x,Matwd S4S 1/2x12ft,pc,0,0,0,10
210,x,Matwd S4S 1/2x8ft,pc,0,0,0,10
211,x,Matwd S4S 1x1x10,7/ft,0,0,0,10
212,x,Matwd S4S 1x1x12,pc,0,0,0,10
213,x,Matwd S4S 1x1x8,pc,0,0,0,10
214,x,Matwd Vic Cornice 1x3x10,pc,0,0,0,10
215,x,Matwd Vic Cornice 1x3x12,22.4/ft,0,0,0,10
216,x,Matwd Vic Cornice 1x3x8,pc,0,0,0,10
217,x,Matwd Vic Cornice 1x4x12,pc,0,0,0,10
218,x,Med Bsboard 1x4x12,30.1/ft,0,0,0,10
219,x,PCW Bsboard 1x4x12,pc,0,0,0,10
220,x,PCW Cornisa 1x2x12,15.2,0,0,0,10
221,x,PCW Cornisa 1x3x10,25.65,0,0,0,10
222,x,PCW Cornisa 1x4x12,26.6,0,0,0,10
223,x,Quarter C 10ft,7.22/ft,0,0,0,10
224,x,Quarter C 12ft,pc,0,0,0,10
225,x,Quarter C 14ft,pc,0,0,0,10
226,x,Quarter C 16ft,pc,0,0,0,10
227,x,Quarter C 8ft,pc,0,0,0,10
228,x,Quarter Round 10ft,7.22/ft,0,0,0,10
229,x,Quarter Round 12ft,pc,0,0,0,10
230,x,Quarter Round 14ft,pc,0,0,0,10
231,x,Quarter Round 16ft,pc,0,0,0,10
232,x,Quarter Round 8ft,pc,0,0,0,10
233,x,S4S KD 1x3x8,pc,0,0,0,10
234,x,S4S KD 1x3x10,pc,0,0,0,10
235,x,S4S KD 1x3x12,83,0,0,0,10
236,x,S4S KD 1 1/2 x2x10,65/bdft,0,0,0,10
237,x,S4S KD 1 1/2x2x12,pc,0,0,0,10
238,x,S4S KD 1 1/2x2x8,pc,0,0,0,10
239,x,S4S KD 1x2x10,pc,0,0,0,10
240,x,S4S KD 1x2x12,pc,0,0,0,10
241,x,S4S KD 1x2x8,pc,0,0,0,10
242,x,S4S KD 2x2x10,pc,0,0,0,10
243,x,S4S KD 2x2x12,pc,0,0,0,10
244,x,S4S KD 2x2x8,pc,0,0,0,10
245,x,S4S KD 2x3x10,pc,0,0,0,10
246,x,S4S KD 2x3x12,pc,0,0,0,10
247,x,S4S KD 2x3x8,pc,0,0,0,10
248,x,S4S KD 2x4x10,72/bdft,0,0,0,10
249,x,S4S KD 2x4x12,72/bdft,0,0,0,10
250,x,S4S KD 2x4x8,72/bdft,0,0,0,10
251,x,S4S Ord 1/2x2x10,7.22,0,0,0,10
252,x,S4S Ord 1/2x2x12,pc,0,0,0,10
253,x,S4S Ord 1/2x2x14,pc,0,0,0,10
254,x,S4S Ord 1/2x2x16,pc,0,0,0,10
255,x,S4S Ord 1/2x2x8,pc,0,0,0,10
256,x,S4S Ord 1x1x10,7.22,0,0,0,10
257,x,S4S Ord 1x1x12,pc,0,0,0,10
258,x,S4S Ord 1x1x14,pc,0,0,0,10
259,x,S4S Ord 1x1x16,pc,0,0,0,10
260,x,S4S Ord 1x1x8,pc,0,0,0,10
261,x,S4S Ord 1/2x1x8,7.22,0,0,0,10
262,x,S4S Ord 1/2x1x12,pc,0,0,0,10
263,x,S4S Ord 1/2x1x10,pc,0,0,0,10
264,x,Sanipa S4S 1x10x10,101,0,0,0,10
265,x,Sanipa S4S 1x10x12,pc,0,0,0,10
266,x,Sanipa KD 1x10x14,pc,0,0,0,10
267,x,Sanipa S4S 1x10x16,pc,0,0,0,10
268,x,Sanipa S4S 1x10x8,pc,0,0,0,10
269,x,Sanipa KD 1x12x10,83/bdft,0,0,0,10
270,x,Sanipa S4S 1x12x12,pc,0,0,0,10
271,x,Sanipa S4S 1x12x14,pc,0,0,0,10
272,x,Sanipa S4S 1x12x16,pc,0,0,0,10
273,x,Sanipa S4S 1x12x8,pc,0,0,0,10
274,x,Sanipa S4S 1x4x12,pc,0,0,0,10
275,x,Sanipa KD 1x8x10,pc,0,0,0,10
276,x,Sanipa KD 1x8x12,101/bdft,0,0,0,10
277,x,Sanipa KD 1x8x14,pc,0,0,0,10
278,x,Sanipa KD 1x8x16,pc,0,0,0,10
279,x,Sanipa KD 1x8x8,pc,0,0,0,10
280,x,Aimee Night Latch,pc,0,0,0,11
281,x,Amerilock Deadlock,pc,0,0,0,11
282,x,Amerilock Deadlock 275,pc,0,0,0,11
283,x,Amerilock Doorknob 587 AB,pc,0,0,0,11
284,x,Amerilock Doorknob 587 SS,pc,0,0,0,11
285,x,Amerilock Doorknob 588 SS,pc,0,0,0,11
286,x,Amerilock drawer lock,pc,0,0,0,11
287,x,Amerilock Rim Night Latch,pc,0,0,0,11
288,x,Aviation Snip #10 Butterfly,pc,0,0,0,11
289,x,2B fiber glass tape 50mm x 165ft,pc,0,0,0,11
290,x,Bapping Disc,pc,0,0,0,11
291,x,Bareta 4fft,pc,0,0,0,11
292,x,Bareta 5ft,pc,0,0,0,11
293,x,Barrel Bolt #2 doe'rmer,pc,0,0,0,11
294,x,Barrel Bolt #3,pc,0,0,0,11
295,x,Barrel Bolt #4,pc,0,0,0,11
296,x,Barrel Bolt 2,pc,0,0,0,11
297,x,Barrel Bolt 3,pc,0,0,0,11
298,x,Black screw Steel 1 1/2,pc,0,0,0,11
299,x,Black screw Steel 1,pc,0,0,0,11
300,x,Black screw Wood 1 1/2,pc,0,0,0,11
301,x,Black screw Steel 1,pc,0,0,0,11
302,x,Blind Rivets 1/8x1/2,pcs,0,0,0,11
303,x,Blind Rivets 1/8x1/2,box,0,0,0,11
304,x,Blind Rivets 3/16x1/2,pcs,0,0,0,11
305,x,Blind Rivets 3/16x1/2,box,0,0,0,11
306,x,Blind Rivets 5/32x1/2,pcs,0,0,0,11
307,x,Blind Rivets 5/32x1/2,bx,0,0,0,11
308,x,Bosch Cutting Steel,pc,0,0,0,11
309,x,Bosh Drill bit 5/32,pc,0,0,0,11
310,x,Bosh Drill bit 3/16,pc,0,0,0,11
311,x,Bosh Drill bit 1/8,pc,0,0,0,11
312,x,BI Hinges 2,pc,0,0,0,11
313,x,Bright hinges 2x1,pc,0,0,0,11
314,x,Bright hinges 1 1/2,pc,0,0,0,11
315,x,Bright hinges 2x2,pc,0,0,0,11
316,x,Bright hinges 3x1 1/2,pc,0,0,0,11
317,x,Cabinet wood handle,pc,0,0,0,11
318,x,Cable Tie3x200,pc,0,0,0,11
319,x,Cable Tie 4x250,pc,0,0,0,11
320,x,Cable Tie 4x300,pc,0,0,0,11
321,x,Cable Tie 4x150,pc,0,0,0,11
322,x,Cable Tie 4x100,pc,0,0,0,11
323,x,Capscrew 3/8,pc,0,0,0,11
324,x,Capscrew 1/2 x 2,pc,0,0,0,11
325,x,Capscrew 3/8x2 with washer and nut,pc,0,0,0,11
326,x,Capscrew 1/4 x 1 1/4,pc,0,0,0,11
327,x,Capscrew 1/4 x 1,pc,0,0,0,11
328,x,Capscrew 1/4 x 3,pc,0,0,0,11
329,x,Cap Brush 2B,pc,0,0,0,11
330,x,Carbon Brush-Black Vosch,pc,0,0,0,11
331,x,Carborandum Local 2B,pc,0,0,0,11
332,x,Carborandum Orig,pc,0,0,0,11
333,x,Caulking Gun Unistar,pc,0,0,0,11
334,x,Caulking Gun,pc,0,0,0,11
335,x,Catches small,pc,0,0,0,11
336,x,Catches big,pc,0,0,0,11
337,x,Cement Pail #12,pc,0,0,0,11
338,x,Cement Pail #14,pc,0,0,0,11
339,x,Cement Throwel #5,pc,0,0,0,11
340,x,Cement Throwel #8,pc,0,0,0,11
341,x,Cement Throwel PVC Handle,pc,0,0,0,11
342,x,Chalkstone,pc,0,0,0,11
343,x,China Barrel Bolt #406,pc,0,0,0,11
344,x,Chisel wood 2B 1/2,pc,0,0,0,11
345,x,Chisel wood 2B 1,pc,0,0,0,11
346,x,Compass #16,pc,0,0,0,11
347,x,Concealed hinges #1 Amerilock,pair,0,0,0,11
348,x,Concealed hinges #2 Amerilock,pair,0,0,0,11
349,x,Concealed hinges #3 Amerilock,pair,0,0,0,11
350,x,Concealed Hinges Hafelle,pc,0,0,0,11
351,x,Concealed Hinges Ariston,pc,0,0,0,11
352,x,Curtain hook 2,pc,0,0,0,11
353,x,Curtain hook 3,pc,0,0,0,11
354,x,Curtain Bracket 1/2,pc,0,0,0,11
355,x,Curtain Bracket 3/4,pc,0,0,0,11
356,x,Curtain Pipe 1/2,pc,0,0,0,11
357,x,Curtain Pipe 3/4,pc,0,0,0,11
358,x,Cvutter with blade,pc,0,0,0,11
359,x,Cylindrical hinges 1/2,pc,0,0,0,11
360,x,Cylindrical Hinges 3/4,pc,0,0,0,11
361,x,Cylindrical Hinges 5/8,pc,0,0,0,11
362,x,Cylindrical Hinges 1,pc,0,0,0,11
363,x,Digging Bar # 3,pc,0,0,0,11
364,x,Digging Bar # 4,pc,0,0,0,11
365,x,Digging Bar # 5,pc,0,0,0,11
366,x,Digging Bar # 6,pc,0,0,0,11
367,x,Dog chain #32,pc,0,0,0,11
368,x,Dog chain #35,pc,0,0,0,11
369,x,Door Chain Guard-Antique,pc,0,0,0,11
370,x,Door Chain Guard-Silver,pc,0,0,0,11
371,x,Door hanger-Daiken,set,0,0,0,11
372,x,Door stopper Eudesign,pc,0,0,0,11
373,x,Door spring 3,pc,0,0,0,11
374,x,Dormer LP hinges 3x3,pcs,0,0,0,11
375,x,Dormer LP Hinges4x4,pcs,0,0,0,11
376,x,Drawer Guide #18 Rosco,pc,0,0,0,11
377,x,Drawer Guide #16 Amerilock,pc,0,0,0,11
378,x,Drawer Guide #18,pc,0,0,0,11
379,x,Drmer drill bit 1/2,pc,0,0,0,11
380,x,Drmer drill bit 3/8,pc,0,0,0,11
381,x,Drmer drill bit 1/4,pc,0,0,0,11
382,x,Drmer drill bit 1/8,pc,0,0,0,11
383,x,Drmer drill bit 3/16,pc,0,0,0,11
384,x,Drmer drill bit 5/16,pc,0,0,0,11
385,x,Drmer drill bit 5/32,pc,0,0,0,11
386,x,Drmer drill bit 7/32,pc,0,0,0,11
387,x,Dyna Bolt 5/16,pc,0,0,0,11
388,x,Dyna Bolt 3/8 x 75,pc,0,0,0,11
389,x,End post 1/2,pc,0,0,0,11
390,x,End post 3/4,pc,0,0,0,11
391,x,Esi cut Red,pc,0,0,0,11
392,x,Esi cut Green,pc,0,0,0,11
393,x,Energizer Battry,pc,0,0,0,11
394,x,Entrance Lock-Aime,pc,0,0,0,11
395,x,Eudesign silver,pc,0,0,0,11
396,x,Eudesign gold,pc,0,0,0,11
397,x,Eudesign 504 Red door,pc,0,0,0,11
398,x,Eudesign Chrome handle #5,pc,0,0,0,11
399,x,Eudesign 2003,pc,0,0,0,11
400,x,Eudesign 2004,pc,0,0,0,11
401,x,Eudesign Ord Handle,pc,0,0,0,11
402,x,Eudesign UD107 silver,pc,0,0,0,11
403,x,Eudesign UD107 gold,pc,0,0,0,11
404,x,Eudesign Cabinet,pc,0,0,0,11
405,x,Eudesign Round Handle gold,pc,0,0,0,11
406,x,Eudesign Wood Handle,pc,0,0,0,11
407,x,Eudesign White,pc,0,0,0,11
408,x,Eudesign Brown,pc,0,0,0,11
409,x,Eudesign Door Sopper,pc,0,0,0,11
410,x,Expansion Shield 5/16,pc,0,0,0,11
411,x,Expansion Shield Long,pc,0,0,0,11
412,x,Fighter drlock 3631 pb/sb,pc,0,0,0,11
413,x,Fighter drlock 3631ss/sp,pc,0,0,0,11
414,x,Fixtex drill bit 5/32,pc,0,0,0,11
415,x,Fixtex drill bit 1/8,pc,0,0,0,11
416,x,Flap Disk #60,pc,0,0,0,11
417,x,Flap Disk #80,pc,0,0,0,11
418,x,Flap Disk #100,pc,0,0,0,11
419,x,Flap Disk #120,pc,0,0,0,11
420,x,Flatwasher 1/4,pc,0,0,0,11
421,x,Flatwasher 3/16,pc,0,0,0,11
422,x,Flatwasher 3/8,pc,0,0,0,11
423,x,Fuel Hose,m,0,0,0,11
424,x,Garden Rake Jenex wood handle,pc,0,0,0,11
425,x,Garden Rake Iron Teeth,pc,0,0,0,11
426,x,Gasket-square,pc,0,0,0,11
427,x,Gasket-O valve,pc,0,0,0,11
428,x,GC LP hinges 3 1/2x3 1/2,19.50/pair,0,0,0,11
429,x,GC LP hinges 3x3,pcs,0,0,0,11
430,x,GC LP hinges 4x4,25/pair,0,0,0,11
431,x,GI hose clamp 1 stainless,pc,0,0,0,11
432,x,GI hose clamp 1 1/2 stainless,pc,0,0,0,11
433,x,GI hose clamp 1/2 stainless,pc,0,0,0,11
434,x,GI hose clamp 2 stainless,pc,0,0,0,11
435,x,GI hose clamp 3/4 Stainless,pc,0,0,0,11
436,x,Glass Block,pc,0,0,0,11
437,x,Gloves Ord,pc,0,0,0,11
438,x,Gloves Rubberized,pair,0,0,0,11
439,x,Gypsum Board Steel screw 2,pcs,0,0,0,11
440,x,Handsaw cross cut with wood handle,pc,0,0,0,11
441,x,Hammer Wood Handle 2B,pc,0,0,0,11
442,x,Hammer Cannon,pc,0,0,0,11
443,x,Hammer Stanley,pc,0,0,0,11
444,x,Hammer Wood Handle Mayhew 81b,pc,0,0,0,11
445,x,Hammer Wood Handle Mayhew 61b,pc,0,0,0,11
446,x,Handtrak 3/4,pc,0,0,0,11
447,x,Hardie knife,pc,0,0,0,11
448,x,Hacksaw Frame Tubular 2B,pc,0,0,0,11
449,x,Hacksaw Frame Black with China blade,pc,0,0,0,11
450,x,Hex nut 3/8,pc,0,0,0,11
451,x,High Doorlock A/B,pc,0,0,0,11
452,x,Hook Cup 1,pc,0,0,0,11
453,x,Hook Cup 2,pc,0,0,0,11
454,x,Hook Cup 1 1/2,pc,0,0,0,11
455,x,Hook Cup 3/4,pc,0,0,0,11
456,x,Hook Cup 1/2,pc,0,0,0,11
457,x,Hook Brass 1 1/4,pc,0,0,0,11
458,x,Hook and Eye 2,pc,0,0,0,11
459,x,Hook and Eye small,pc,0,0,0,11
460,x,Hydraulic Hinges A1,pair,0,0,0,11
461,x,Hydraulic Hinges A2,pc,0,0,0,11
462,x,Irwin Diamond Cutting Wheel Segmented,pc,0,0,0,11
463,x,Irwin Diamond Cutting Wheel Turbo,pc,0,0,0,11
464,x,Irwin drill bit 5/8,pc,0,0,0,11
465,x,Irwin drill bit 1/8 3mm,pc,0,0,0,11
466,x,Irwin drill bit 5/32,pc,0,0,0,11
467,x,Irwin drill bit 3/16,pc,0,0,0,11
468,x,Irwin drill bit 1/4 6.5mm,pc,0,0,0,11
469,x,Irwin drill bit 9.5 mm,pc,0,0,0,11
470,x,Irwin drill bit 13mm,pc,0,0,0,11
471,x,Island Gas,pc,0,0,0,11
472,x,Japan DSK Diamond wheel,pc,0,0,0,11
473,x,Jianmin silver,pc,0,0,0,11
474,x,Knapsack Sprayer GH,pc,0,0,0,11
475,x,Knapsack Sprayer Unista,pc,0,0,0,11
476,x,KYK Double deadlock,pc,0,0,0,11
477,x,KYK Trigger Nozzle,pc,0,0,0,11
478,x,Lamco Goose neck Faucet,pc,0,0,0,11
479,x,Level Hose Clear 1/4,m,0,0,0,11
480,x,Level Hose Green,m,0,0,0,11
481,x,Level Hose Green,roll,0,0,0,11
482,x,LPG Gas,pc,0,0,0,11
483,x,LPG hose,m,0,0,0,11
484,x,LPG Hose clamp 1/2,pc,0,0,0,11
485,x,LPG regulator Sunco,pc,0,0,0,11
486,x,LPG regulator Tokina,pc,0,0,0,11
487,x,LPG Regulator Rubber plug flat,pc,0,0,0,11
488,x,LPG Regulator Rubber plug pointed,pc,0,0,0,11
489,x,Lug Screw 1/4 x 2,pc,0,0,0,11
490,x,Lug Screw 5/16 x 3,pc,0,0,0,11
491,x,Lug Screw 3/8 x 4,pc,0,0,0,11
492,x,Machine bolt 1/2x4,pc,0,0,0,11
493,x,Machine bolt 1/2x6,pc,0,0,0,11
494,x,Machine bolt 1/2x7,pc,0,0,0,11
495,x,Magnetic catches big,pc,0,0,0,11
496,x,Magnetic catches small,pc,0,0,0,11
497,x,Makita Diamond Wheel Cutting disk,pc,0,0,0,11
498,x,Makita Diamond disk,pc,0,0,0,11
499,x,Makita Grinder,pc,0,0,0,11
500,x,Makita Cutting Wheel # 14,pc,0,0,0,11
501,x,Maskin tape 1,pc,0,0,0,11
502,x,Maskin tape 1/2,pc,0,0,0,11
503,x,Maskin tape 3/4,pc,0,0,0,11
504,x,Maxco Aluminum Foil Tape,pc,0,0,0,11
505,x,Maxco Aluminum Foil Tape,pc,0,0,0,11
506,x,M Double Sided Tape,pc,0,0,0,11
507,x,Mascot Barrel Bolt 2,pc,0,0,0,11
508,x,Metal screw 12x1 1/2,pc,0,0,0,11
509,x,Metal screw 12x2,pc,0,0,0,11
510,x,Metal screw 5x1,pc,0,0,0,11
511,x,Metal screw 10x1 1/2,pc,0,0,0,11
512,x,Metal screw 12x 1 1/2,pc,0,0,0,11
513,x,Metal Screw with Tox 10,pc,0,0,0,11
514,x,Metal Screw with Tox 8,pc,0,0,0,11
515,x,Metal Screw with Tox 6,pc,0,0,0,11
516,x,Msonry drill bit Uni star 5/16 HD,pc,0,0,0,11
517,x,Msonry drill bit 5/16 Unistar,pc,0,0,0,11
518,x,Msonry drill bit Ord 1/8,pc,0,0,0,11
519,x,Msonry drill bit Ord 3/16,pc,0,0,0,11
520,x,Msonry drill bit Ord 5/32,pc,0,0,0,11
521,x,Nicholdson Fin Snip,pc,0,0,0,11
522,x,Nicholson File Extra Slim #4,pc,0,0,0,11
523,x,Nicolite Bar,pc,0,0,0,11
524,x,Nicholson Masonry drill bit 4.0,pc,0,0,0,11
525,x,Nicholson Masonry drill bit 5.0,pc,0,0,0,11
526,x,Nut 5/16 GI,pc,0,0,0,11
527,x,Nylon rope #9mm,pc,0,0,0,11
528,x,Nylon rope #20 (10mm),pc,0,0,0,11
529,x,Nylon rope 8mm,pc,0,0,0,11
530,x,Nylon Rope 6 mm,pc,0,0,0,11
531,x,Ord Catches,pc,0,0,0,11
532,x,Packaging tape clear,pc,0,0,0,11
533,x,Packaging tape Brown,pc,0,0,0,11
534,x,Packaging tape,pc,0,0,0,11
535,x,Piano hinges,pc,0,0,0,11
536,x,Pickmattock Viking,pc,0,0,0,11
537,x,Plastic twine L,rolls,0,0,0,11
538,x,Plastic twine M,pc,0,0,0,11
539,x,Plastering throwel PVC Handle,pc,0,0,0,11
540,x,Plated cuphook 1,pc,0,0,0,11
541,x,Plier Long nose Unistar,pc,0,0,0,11
542,x,"Plier 7, Rosco Combination",pc,0,0,0,11
543,x,Post-trap 3/16x2,pairs,0,0,0,11
544,x,Power Craft Ginding Steel,pc,0,0,0,11
545,x,Power house Flop disc,pc,0,0,0,11
546,x,Powerhouse Riveter,pc,0,0,0,11
547,x,Pulley Big,pc,0,0,0,11
548,x,Pulley small,pc,0,0,0,11
549,x,PVC cuphook 1,pc,0,0,0,11
550,x,PVC cuphook 1 1/2,pc,0,0,0,11
551,x,PVC cuphook 2,pc,0,0,0,11
552,x,PVC cuphook 3/4,pc,0,0,0,11
553,x,PVC handle white,pc,0,0,0,11
554,x,Rag,kls.,0,0,0,11
555,x,Rosco Masonry drill bit 5/32,pc,0,0,0,11
556,x,Rosco Masonry drill bit 1/8,pc,0,0,0,11
557,x,Rosco Apray GunNozzle,pc,0,0,0,11
558,x,Round handle antique,pc,0,0,0,11
559,x,Rubber cap 1/2,pc,0,0,0,11
560,x,Rubber cap 1/2,pc,0,0,0,11
561,x,Rubber cap 3/4,pc,0,0,0,11
562,x,Rubber Gloves,pc,0,0,0,11
563,x,Safety Hasps #2,pc,0,0,0,11
564,x,Safety Hasps #3,pc,0,0,0,11
565,x,Safety Hasps #4,pc,0,0,0,11
566,x,Safety Hasps 2B #2,pc,0,0,0,11
567,x,Sand Paper 3M # 120,pc,0,0,0,11
568,x,Sand Paper 3M # 400,pc,0,0,0,11
569,x,Sand paper 3M #80,pc,0,0,0,11
570,x,Sand paper 3M #100,pc,0,0,0,11
571,x,Sand paper #100,pc,0,0,0,11
572,x,Sand paper #1000,pc,0,0,0,11
573,x,Sand paper #120,pc,0,0,0,11
574,x,Sand paper #150,pc,0,0,0,11
575,x,Sand paper #180,pc,0,0,0,11
576,x,Sand paper #800,pc,0,0,0,11
577,x,Sand paper #220,pc,0,0,0,11
578,x,Sand paper #400,pc,0,0,0,11
579,x,Sand paper #600,pc,0,0,0,11
580,x,Sand paper #80,pc,0,0,0,11
581,x,Sanding disc Power house #4,pc,0,0,0,11
582,x,Sanding disc 2 B #4,pc,0,0,0,11
583,x,Sandcut,pcs,0,0,0,11
584,x,Sandflex Blade,pcs,0,0,0,11
585,x,Scoring knife,pc,0,0,0,11
586,x,Screw driver Japan Flat,pc,0,0,0,11
587,x,Screw driver flat 2B 1/4x4,pc,0,0,0,11
588,x,Shelf Bracket 8x10,pc,0,0,0,11
589,x,Shelf Bracket 10x12,pc,0,0,0,11
590,x,Shelf Bracket 12x14,pc,0,0,0,11
591,x,Shelf Bracket 5x6,pc,0,0,0,11
592,x,Shovel Jenex Steel UP 333-P,pc,0,0,0,11
593,x,Shovel Meer cat Steel UP989-P,pc,0,0,0,11
594,x,Shovel Beaver UP 168-S,pc,0,0,0,11
595,x,Sieko Electrode Holder,pc,0,0,0,11
596,x,Spatula with handle scraper,pc,0,0,0,11
597,x,Spatula with handle,pc,0,0,0,11
598,x,Scraper with TPR Handle 2B 3,pc,0,0,0,11
599,x,Scraper with TPR Handle 2B 2,pc,0,0,0,11
600,x,Scraper,pc,0,0,0,11
601,x,Sprayer,pc,0,0,0,11
602,x,Sprayer Robin,pc,0,0,0,11
603,x,Stanley Level hose (bar),pc,0,0,0,11
604,x,Stanley LP hinges 3 1/2x3 1/2,pcs,0,0,0,11
605,x,Stanley LP hinges 3x3,pcs,0,0,0,11
606,x,Stanley LP hinges 4x4,pcs,0,0,0,11
607,x,Stanley LP hinges 3x3 HD,pairs,0,0,0,11
608,x,Stanley LP hinges 3x3 HD,pc,0,0,0,11
609,x,Standard Hinges 3x3,pairs,0,0,0,11
610,x,Standard Hinges 4x4,pc,0,0,0,11
611,x,Stanley Padlock 25 mm,pc,0,0,0,11
612,x,Stanley Padlock 30 mm,pc,0,0,0,11
613,x,Stanley Padlock 40 mm,pc,0,0,0,11
614,x,Stanley meter 5m,pc,0,0,0,11
615,x,Stanley meter 3m,pc,0,0,0,11
616,x,Stanley meter 7.5 m,pc,0,0,0,11
617,x,Stanley meter 8m,pc,0,0,0,11
618,x,Stanley meter,pc,0,0,0,11
619,x,Stanley Riveter,pc,0,0,0,11
620,x,Steel Brush with Handle,pc,0,0,0,11
621,x,Tansi #60,pc,0,0,0,11
622,x,Tansi #100,pc,0,0,0,11
623,x,Tansi #70,pc,0,0,0,11
624,x,Tansi #80,pc,0,0,0,11
625,x,Tansi #90,coils,0,0,0,11
626,x,Tansi #120,pc,0,0,0,11
627,x,Tansi grass cutter 350,kls.,0,0,0,11
628,x,Tansi grass cutter 300,kls.,0,0,0,11
629,x,Tansi grass cutter 300,pc,0,0,0,11
630,x,Tape Meter Standard 5m,pc,0,0,0,11
631,x,Tape Meter Standard 7.5m,pc,0,0,0,11
632,x,Tape meter Rubison 3m,pc,0,0,0,11
633,x,Tape Meter 2B 5m,pc,0,0,0,11
634,x,Tape Meter Maxco 7.5m,pc,0,0,0,11
635,x,Tin Snip Rosco with rubber grip 8,pc,0,0,0,11
636,x,Texscrew adapter,pc,0,0,0,11
637,x,Tombo pointed local,pc,0,0,0,11
638,x,Tombo pointed orig,pc,0,0,0,11
639,x,Tombo scoop orig #2,pc,0,0,0,11
640,x,Tombo square orig,pc,0,0,0,11
641,x,Topsea Cutter,pc,0,0,0,11
642,x,Topgrade deadlock,pc,0,0,0,11
643,x,Tox #10,bx,0,0,0,11
644,x,Tox #4,pc,0,0,0,11
645,x,Tox #5,pc,0,0,0,11
646,x,Tox #6,pc,0,0,0,11
647,x,Tox #8,bx,0,0,0,11
648,x,Tox #4,pcs,0,0,0,11
649,x,Tos # 5,pc,0,0,0,11
650,x,Tox #6,pc,0,0,0,11
651,x,Tox #10,pc,0,0,0,11
652,x,Tox # 8,pc,0,0,0,11
653,x,Turn Buckle M20,pc,0,0,0,11
654,x,Turn Buckle M16,pc,0,0,0,11
655,x,Tyrolit Super thin disc,pc,0,0,0,11
656,x,Tyrolit Cutting Steel,pc,0,0,0,11
657,x,Tyrolit Cutting Stone,pc,0,0,0,11
658,x,Tyrolit Grinding Steel,pc,0,0,0,11
659,x,Tyrolit Grinding Stone,pc,0,0,0,11
660,x,Vise Grip Powerhouse,pc,0,0,0,11
661,x,Voschtech Hinges3x3,pcs,0,0,0,11
662,x,Washer 1/2,pc,0,0,0,11
663,x,Welding Gloves,pairs,0,0,0,11
664,x,Welding Goggles,pc,0,0,0,11
665,x,Welding Electrode Holder,pc,0,0,0,11
666,x,Welding Lens,pc,0,0,0,11
667,x,Window Guide,pc,0,0,0,11
668,x,Window Handle left,pc,0,0,0,11
669,x,Window Handle Right,pc,0,0,0,11
670,x,Window Hinges,pc,0,0,0,11
671,x,Wood screw 10x1 1/2,pc,0,0,0,11
672,x,Wood screw 6x1/2,pc,0,0,0,11
673,x,Wood screw 7x1,pc,0,0,0,11
674,x,Wood screw 7x3/4,pc,0,0,0,11
675,x,Wood screw 8x1,pc,0,0,0,11
676,x,Wood screw 8x3/4,pc,0,0,0,11
677,x,Wheel Barrow,pc,0,0,0,11
678,x,Wrench Adjustable Butterfly 8,pc,0,0,0,11
679,x,Yale Doorlock set,pc,0,0,0,11
680,x,Yianda High drlock,pc,0,0,0,11
681,x,Yianda drlock 588 SS/F,pc,0,0,0,11
682,x,Apo Galpan 26 x 6,pc,0,0,0,12
683,x,Apo Galpan 26 x 7,pc,0,0,0,12
684,x,Apo Galpan 26 x 8,pc,0,0,0,12
685,x,Apo Galpan 26 x 9,pc,0,0,0,12
686,x,Apo Galpan 26 x 10,pc,0,0,0,12
687,x,Apo Galpan 26 x 12,pc,0,0,0,12
688,x,Apo Silver 6,pc,0,0,0,12
689,x,Apo Silver 7,pc,0,0,0,12
690,x,Apo Silver 8,pc,0,0,0,12
691,x,Apo Silver 9,pc,0,0,0,12
692,x,Apo Silver 10,pc,0,0,0,12
693,x,Apo Silver 12,pc,0,0,0,12
694,x,Coloroof 8ft green WPR,pc,0,0,0,12
695,x,Coloroof 10ft,pc,0,0,0,12
696,x,Coloroof 12ft,pc,0,0,0,12
697,x,Coloroof 14ft,pc,0,0,0,12
698,x,Coloroof 16ft,pc,0,0,0,12
699,x,Coloroof 18ft,pc,0,0,0,12
700,x,Coloroof 20 ft,pc,0,0,0,12
701,x,Coloroof 12ft Red,pc,0,0,0,12
702,x,Coloroof 14ft Red,pc,0,0,0,12
703,x,Coloroof Ridge Roll,pc,0,0,0,12
704,x,Coloroof Gutter,pc,0,0,0,12
705,x,Coloroof Flushing,pc,0,0,0,12
706,x,Feberglass 10ft,pc,0,0,0,12
707,x,Fiberglass 12ft,pc,0,0,0,12
708,x,Fiberglass 8ft,pc,0,0,0,12
709,x,Flushing,pc,0,0,0,12
710,x,WPR Corr 14 ft,pc,0,0,0,12
711,x,WPR Corr 16 ft,pc,0,0,0,12
712,x,WPR Corr 18 ft,pc,0,0,0,12
713,x,Galv 26x7,pc,0,0,0,12
714,x,Galv 26x8,pc,0,0,0,12
715,x,Galv 26x9,pc,0,0,0,12
716,x,Superlume 26x9,pc,0,0,0,12
717,x,GI plain sheet # 20 (.8),pc,0,0,0,12
718,x,GI plain sheet (0.35) 26x8,pc,0,0,0,12
719,x,GI plain sheet (0.24) 26x8,pc,0,0,0,12
720,x,Plain Sheet WPR 4x8,pc,0,0,0,12
721,x,Flushing WPR,pc,0,0,0,12
722,x,Gutter WPR,pc,0,0,0,12
723,x,Gutter Box type # 16,pc,0,0,0,12
724,x,Gutter Ord thick,pc,0,0,0,12
725,x,Gutter strainer 2,pc,0,0,0,12
726,x,Gutter Strainer 3,pc,0,0,0,12
727,x,Plastic sheet 8ft gray,pc,0,0,0,12
728,x,Plastic sheet 8ft green,pc,0,0,0,12
729,x,Ridge Roll WPR,pc,0,0,0,12
730,x,Ridge roll #14 Manipis,pc,0,0,0,12
731,x,Ridge roll #16,pc,0,0,0,12
732,x,Ridge roll #18,pc,0,0,0,12
733,x,Spanish gutter,pc,0,0,0,12
734,x,2pin Outlet 4G (FEDOU-204),pc,0,0,0,13
735,x,Altar Bulb red,pc,0,0,0,13
736,x,Antenna Wire,pc,0,0,0,13
737,x,Ball Insulator big,pc,0,0,0,13
738,x,Ball Insulator small,pc,0,0,0,13
739,x,Ballast w/ Starter 20W Delta,pc,0,0,0,13
740,x,Ballast w/ Starter 40W Delta,pc,0,0,0,13
741,x,BS Clamp 1,pc,0,0,0,13
742,x,BS Clamp 3/4,pc,0,0,0,13
743,x,Bosch Drill,pc,0,0,0,13
744,x,Bosch Grinder,pc,0,0,0,13
745,x,Circular Lamp 22W,pc,0,0,0,13
746,x,Circular Lamp 32W,pc,0,0,0,13
747,x,Convenient Outlet 2G,pc,0,0,0,13
748,x,Convenient Outlet 3G (FEDOU-103),pc,0,0,0,13
749,x,Convenient Outlet 4G (FEDOU-104),pc,0,0,0,13
750,x,DELTA Open type ballast 10W,pc,0,0,0,13
751,x,DELTA Open type ballast 20W,pc,0,0,0,13
752,x,DELTA Open type ballast 40W,pc,0,0,0,13
753,x,Eagle female plug,pc,0,0,0,13
754,x,Eagle Full Chain Socket,pc,0,0,0,13
755,x,Eagle Fuse 30 amp,pc,0,0,0,13
756,x,Eagle Fuse 60 amp,pc,0,0,0,13
757,x,Eagle Outlet 2G,pc,0,0,0,13
758,x,Eagle 3G Outlet 79,pc,0,0,0,13
759,x,Eagle Plug HD,pc,0,0,0,13
760,x,Eagle Plug LD,pc,0,0,0,13
761,x,Eagle Rubber Socket 1045,pc,0,0,0,13
762,x,Eagle Starter,pc,0,0,0,13
763,x,Eagle Tee socket,pc,0,0,0,13
764,x,Eagle Toggle Switch,pc,0,0,0,13
765,x,Eagle Weatherproof Outlet-double,pc,0,0,0,13
766,x,Eagle Weatherproof Outlet Single,pc,0,0,0,13
767,x,ECOLUM LED 5W,pc,0,0,0,13
768,x,ECOLUM LED 7W,pc,0,0,0,13
769,x,ECOLUM LED 9W,pc,0,0,0,13
770,x,ECOLUM LED 11W,pc,0,0,0,13
771,x,ECOLUM LED 15W,pc,0,0,0,13
772,x,Electrical Tape L 20 yds,pc,0,0,0,13
773,x,Electrical Tape M,pc,0,0,0,13
774,x,Electrical Tape S,pc,0,0,0,13
775,x,Entrance Cap 1/2,pc,0,0,0,13
776,x,Entrance Cap 1,pc,0,0,0,13
777,x,Entrance Cap 3/4,pc,0,0,0,13
778,x,Ever Safety Switch 30 amp Double Throw,pc,0,0,0,13
779,x,Ever Safety Switch 30 amp,pc,0,0,0,13
780,x,Ever Safety Switch 60 amp,pc,0,0,0,13
781,x,Firefly 40W,pc,0,0,0,13
782,x,Firefly 4.8W,pc,0,0,0,13
783,x,Firefly 7W,pc,0,0,0,13
784,x,Firefly 40W,pc,0,0,0,13
785,x,Firefly Flourescent Tube 40W,pc,0,0,0,13
786,x,Firefly LED bulb 5W,pc,0,0,0,13
787,x,Firefly LED bulb 15W,pc,0,0,0,13
788,x,Firefly Essential 15W,pc,0,0,0,13
789,x,Firefly Tornado 15W,pc,0,0,0,13
790,x,Firefly Frosted 25W,pc,0,0,0,13
791,x,Firefly Frosted 40W,pc,0,0,0,13
792,x,Firefly PAR 38 120W,pc,0,0,0,13
793,x,Flatchord #16,pc,0,0,0,13
794,x,Flatchord #18,pc,0,0,0,13
795,x,Flatcord #14,pc,0,0,0,13
796,x,Flexible Hose 100 m (3/4) Royalflex,rolls,0,0,0,13
797,x,Flexible hose 100m (1/2) Polyflex,rolls,0,0,0,13
798,x,Flexible hose 50 m (1/2) Polyflex,238/roll,0,0,0,13
799,x,Flexible Hose m (1/2) Standflex,m,0,0,0,13
800,x,Flexible Hose 50 m (3/4) Standflex,m,0,0,0,13
801,x,GE Circuit Breaker 100 amp,pairs,0,0,0,13
802,x,GE Circuit Breaker 15 amp,pc,0,0,0,13
803,x,GE Circuit Breaker 20 amp,pc,0,0,0,13
804,x,GE Circuit Breaker 30 amp,pc,0,0,0,13
805,x,GE Circuit Breaker 40 amp,pc,0,0,0,13
806,x,GE Circuit Breaker 60 amp,pc,0,0,0,13
807,x,GE Circuit Breaker 100A Bolt on,pc,0,0,0,13
808,x,GE Circuit Breaker 60A Bolt on,pc,0,0,0,13
809,x,GE Circuit Breaker 30A Bolt on,pc,0,0,0,13
810,x,GE Circuit Breaker 20A Bolt on,pc,0,0,0,13
811,x,GE Circuit Breaker 15A Bolt on,pc,0,0,0,13
812,x,GE LED 3 W,pc,0,0,0,13
813,x,GE LED 5 W,pc,0,0,0,13
814,x,GE LED 10W,pc,0,0,0,13
815,x,GE Economizer 11W,pc,0,0,0,13
816,x,GE Economizer 14W,pc,0,0,0,13
817,x,GE Essential 20W,pc,0,0,0,13
818,x,GE Economizer 5W,pc,0,0,0,13
819,x,GE Edison 11W,pc,0,0,0,13
820,x,GE Edison 15W,pc,0,0,0,13
821,x,GE Flourescent Tube 36W,pc,0,0,0,13
822,x,GLOW Bulb 5W,pc,0,0,0,13
823,x,GLOW Bulb 7W,pc,0,0,0,13
824,x,GLOW Bulb 9W,pc,0,0,0,13
825,x,GLOW Flourescent 9W,pc,0,0,0,13
826,x,GLOW Flourescent set LED,pc,0,0,0,13
827,x,Hope Bulb 5w,pc,0,0,0,13
828,x,Hope Bulb 10w,pc,0,0,0,13
829,x,Junction Box cover Poly,pc,0,0,0,13
830,x,Junction Box Metal,pc,0,0,0,13
831,x,Junction Box Poly,pc,0,0,0,13
832,x,Knife Switch,pc,0,0,0,13
833,x,Kopez Pull Chain Current Top KM 2049,pc,0,0,0,13
834,x,Kopez Conversion Outlet KM 2246,pc,0,0,0,13
835,x,Kopez single outlet,pc,0,0,0,13
836,x,Kopez Plug Ordinary Black,pc,0,0,0,13
837,x,Kopez Mini receptacle,pc,0,0,0,13
838,x,Kopez receptacle,pc,0,0,0,13
839,x,Kopez receptacle 4x4,pc,0,0,0,13
840,x,Kopez Rubber socket 2023,pc,0,0,0,13
841,x,Kopez square switch,pc,0,0,0,13
842,x,Kopez Tumbler RectangularSwitch,pc,0,0,0,13
843,x,Koten Circuit Breaker 100 amp,pc,0,0,0,13
844,x,Koten Circuit Breaker 15 amp,pc,0,0,0,13
845,x,Koten Circuit Breaker 20 amp,pc,0,0,0,13
846,x,Koten Circuit Breaker 30 amp,pc,0,0,0,13
847,x,Koten Circuit Breaker 40 amp,pc,0,0,0,13
848,x,Koten Circuit Breaker 60 amp,pc,0,0,0,13
849,x,Koten Safety Breaker 15 amp,pc,0,0,0,13
850,x,Koten Safety Breaker 20 amp,pc,0,0,0,13
851,x,Koten Safety Breaker 30 amp,pc,0,0,0,13
852,x,Koten Safety Breaker 40 amp,pc,0,0,0,13
853,x,Koten Safety Breaker 60 amp,pc,0,0,0,13
854,x,Koten Safety Breaker 100 amp,pc,0,0,0,13
855,x,Koten SB W/ Aircon Outlet 20A,pc,0,0,0,13
856,x,Mema Enclosure,pc,0,0,0,13
857,x,Meter Based,pc,0,0,0,13
858,x,Omni Aircon Tandem Outlet,pc,0,0,0,13
859,x,Nihon Wheld Ord,pc,0,0,0,13
860,x,Nihon Wheld Special,pc,0,0,0,13
861,x,Nihon Stainless 3/32,52 PCS,0,0,0,13
862,x,Nihon Stainless 3/32,BX,0,0,0,13
863,x,Nihon Stainless 5/64 2.0mm,91 PCS,0,0,0,13
864,x,Nihon Stainless 3/32 2.5 mm,bx,0,0,0,13
865,x,Nihon Stainless 5/64 2.0mm,pc,0,0,0,13
866,x,Omni Convenient Outlet 2gang,pc,0,0,0,13
867,x,Omni Convenient Outlet 3gang,pc,0,0,0,13
868,x,Omni Plug Adapter,pc,0,0,0,13
869,x,Omni Full Chain Socket,pc,0,0,0,13
870,x,Omni Hallogen,pc,0,0,0,13
871,x,Omni Universal Socket Adapter,pc,0,0,0,13
872,x,Omni Plug Ordinary- WEP,pc,0,0,0,13
873,x,Omni Push Button Switch 15 amp,pc,0,0,0,13
874,x,Omni Push Button Switch 30 amp,pc,0,0,0,13
875,x,Omni Receptacle 2x2,pc,0,0,0,13
876,x,Omni Receptacle 3x3,pc,0,0,0,13
877,x,Omni Receptacle 4x4,pc,0,0,0,13
878,x,Omni Socket,pc,0,0,0,13
879,x,Omni Rubber Plug,pc,0,0,0,13
880,x,Omni Weatherproof Rubber Socket,pc,0,0,0,13
881,x,Omni Spring type Outlet,pc,0,0,0,13
882,x,Omni Square Switch,pc,0,0,0,13
883,x,Omni Starter Holder,pc,0,0,0,13
884,x,Omni SU Lamp,pc,0,0,0,13
885,x,Omni telebox,pc,0,0,0,13
886,x,Omni Plug,pc,0,0,0,13
887,x,Omni FeMale Plug LD,pc,0,0,0,13
888,x,Panasonic Outlet,pc,0,0,0,13
889,x,Panasonic Plate 1G,pc,0,0,0,13
890,x,Panasonic Plate 2G,pc,0,0,0,13
891,x,Panasonic Plate 3G,pc,0,0,0,13
892,x,Panasonic 3 way switch,pc,0,0,0,13
893,x,Panasonic Switch,pc,0,0,0,13
894,x,Panasonic Single Pole,pc,0,0,0,13
895,x,Panasonic Univ. Outlet,pc,0,0,0,13
896,x,Panel Box 3x3 Boston,pc,0,0,0,13
897,x,Panel Box 2 Pole 3R weatherproof,pc,0,0,0,13
898,x,Panel Box 2B 4Holes,pc,0,0,0,13
899,x,Panel Box 4B 6Holes,pc,0,0,0,13
900,x,Panel Box 8B 8Holes,pc,0,0,0,13
901,x,Panel Box 6B,pc,0,0,0,13
902,x,Party Tone 80W,pc,0,0,0,13
903,x,Pendant switch,pc,0,0,0,13
904,x,PDX Wire #10,m,0,0,0,13
905,x,PDX Wire #10,bx,0,0,0,13
906,x,PDX Wire #12,m,0,0,0,13
907,x,PDX Wire #12,bx,0,0,0,13
908,x,PDX Wire #14,m,0,0,0,13
909,x,PDX Wire #14,bx,0,0,0,13
910,x,Philips Ballast 20W,pc,0,0,0,13
911,x,Philips Ballast 40W,pc,0,0,0,13
912,x,Philips Ballast/ Starter,pc,0,0,0,13
913,x,Philips Classic Tone 25W,pc,0,0,0,13
914,x,Philips Classic Tone 40W,pc,0,0,0,13
915,x,Philips Ecotone 11W,pc,0,0,0,13
916,x,Philips Ecotone 15W,pc,0,0,0,13
917,x,Philips Essential 11W,pc,0,0,0,13
918,x,Philips Essential 14W,pc,0,0,0,13
919,x,Philips Essential 18W,pc,0,0,0,13
920,x,Philips Essential 23W,pc,0,0,0,13
921,x,Philips Essential 5W,pc,0,0,0,13
922,x,Philips Essential 8W,pc,0,0,0,13
923,x,Philips Flourescent Tube 20W,pc,0,0,0,13
924,x,Philips Flourescent Tube 40W,pc,0,0,0,13
925,x,Philips Flourescent Tube 36W,pc,0,0,0,13
926,x,Philips Flourescent Tube 10W,pc,0,0,0,13
927,x,Philips LED 5W,pc,0,0,0,13
928,x,Philips LED 7W,pc,0,0,0,13
929,x,Philips LED 9W,pc,0,0,0,13
930,x,Philips LED Warm white 3W,pc,0,0,0,13
931,x,Philips LED Warm white 5W,pc,0,0,0,13
932,x,Philips Genie 8W,pc,0,0,0,13
933,x,Philips Halogen 50W,pc,0,0,0,13
934,x,Philips Spotone 40W,pc,0,0,0,13
935,x,Philips Spotone 60W,pc,0,0,0,13
936,x,Philips Starter,pc,0,0,0,13
937,x,Philips Tornado 15W,pc,0,0,0,13
938,x,Philips Tornado 20W,pc,0,0,0,13
939,x,Philips Tornado 24W,pc,0,0,0,13
940,x,Philips Tornado 5W,pc,0,0,0,13
941,x,Philips Tornado 8W,pc,0,0,0,13
942,x,Plastic Moldings 1/2,pc,0,0,0,13
943,x,Plastic Moldings 3/4,pc,0,0,0,13
944,x,Plastic Moldings 1,pc,0,0,0,13
945,x,Poly Square Box,pc,0,0,0,13
946,x,Porcelain Receptacle 2x2,pc,0,0,0,13
947,x,PVC Clamp 1/2,pc,0,0,0,13
948,x,PVC Clamp 1,pc,0,0,0,13
949,x,PVC Clamp 3/4,pc,0,0,0,13
950,x,Power Spray Hose,rolls,0,0,0,13
951,x,Reflector Shade-Amco #14,pc,0,0,0,13
952,x,Reflector Shade-Amco #15,pc,0,0,0,13
953,x,RG 6 Splitter,pc,0,0,0,13
954,x,RG 6 Cable,pc,0,0,0,13
955,x,Royu 1g Outlet set,pc,0,0,0,13
956,x,Royu 3g Outlet set,pc,0,0,0,13
957,x,Royu 2g Outlet (set),pc,0,0,0,13
958,x,Royu WS aircon Outlet (set),pc,0,0,0,13
959,x,Royu WS 1g switch (set),pc,0,0,0,13
960,x,Royu WS 2g switch (set),pc,0,0,0,13
961,x,Royu WS 3g switch (set),pc,0,0,0,13
962,x,Royu Universal Outlet,pc,0,0,0,13
963,x,Royu Double convenience outlet,pc,0,0,0,13
964,x,Royu Circuit Breaker 15 amp,pc,0,0,0,13
965,x,Royu Circuit Breaker 20 amp,pc,0,0,0,13
966,x,Royu Circuit Breaker 30 amp,pc,0,0,0,13
967,x,Royu Circuit Breaker 40 amp,pc,0,0,0,13
968,x,Royu Circuit Breaker 60 amp,pc,0,0,0,13
969,x,Royu Classic Outlet,pc,0,0,0,13
970,x,Royu Plate 1G,pc,0,0,0,13
971,x,Royu Plate 2G,pc,0,0,0,13
972,x,Royu Plate 3G,pc,0,0,0,13
973,x,Royu safety Breaker 20 amp,pc,0,0,0,13
974,x,Royu safety Breaker 15 amp,pc,0,0,0,13
975,x,Royu safety Breaker 40 amp,pc,0,0,0,13
976,x,Royu safety Breaker 60 amp,pc,0,0,0,13
977,x,Royu Classic Switch w/ Led,pc,0,0,0,13
978,x,Royu Switch w/ Plate 1G w/ led,pc,0,0,0,13
979,x,Royu Switch w/ Plate 1G w/o Led,pc,0,0,0,13
980,x,Royu Switch w/ Plate 2G w/ Led,pc,0,0,0,13
981,x,Royu Switch w/ Plate 2G w/o Led,pc,0,0,0,13
982,x,Royu Switch w/ Plate 3G w/ Led,pc,0,0,0,13
983,x,Royu Switch w/ Plate 3G w/o Led,pc,0,0,0,13
984,x,Royu classic Switch w/o Led,pc,0,0,0,13
985,x,Royu WH 2 gang Outlet,pc,0,0,0,13
986,x,Rubber Tape-Armak,pc,0,0,0,13
987,x,Sakura Outlet 3G,pc,0,0,0,13
988,x,Sakura Outlet 2G,pc,0,0,0,13
989,x,Screw Insulator big,pc,0,0,0,13
990,x,Screw Insulator small,pc,0,0,0,13
991,x,Service Drop,m,0,0,0,13
992,x,Service Drop 500M,roll,0,0,0,13
993,x,Secondaryb Rock,pc,0,0,0,13
994,x,SETSU Bulb 25W,pc,0,0,0,13
995,x,SETSU Bulb 50W,pc,0,0,0,13
996,x,SETSU Bulb 100W,pc,0,0,0,13
997,x,Sofstone 50W,pc,0,0,0,13
998,x,Split Knobs kopez gray,pc,0,0,0,13
999,x,Spool Insulator,pc,0,0,0,13
1000,x,Square D,pc,0,0,0,13
1001,x,Staple Wire (box) 1,bx,0,0,0,13
1002,x,Staple Wire (box) 3/4,pc,0,0,0,13
1003,x,Super Antenna,pc,0,0,0,13
1004,x,Thhn Stranded #10,pc,0,0,0,13
1005,x,Thhn Stranded #12,pc,0,0,0,13
1006,x,Thhn Stranded #12 Phelp Dodge m,m,0,0,0,13
1007,x,Thhn Stranded #12 Phelp Dodge bx,bx,0,0,0,13
1008,x,Thhn Stranded #10 Phelp Dodge m,m,0,0,0,13
1009,x,Thhn Stranded #10 Phelp Dodge bx,bx,0,0,0,13
1010,x,Thhn Stranded #14 Phelp Dodge m,m,0,0,0,13
1011,x,Thhn Stranded #14 Phelp Dodge bx,bx,0,0,0,13
1012,x,Thhn Stranded #8 PD m,m,0,0,0,13
1013,x,THHN Stranded ROYU #8,m,0,0,0,13
1014,x,THHN Stranded ROYU #8,bx,0,0,0,13
1015,x,THHN Stranded ROYU #10,m,0,0,0,13
1016,x,THHN Stranded ROYU #10,bx,0,0,0,13
1017,x,THHN Stranded ROYU #12,m,0,0,0,13
1018,x,THHN Stranded ROYU #12,bx,0,0,0,13
1019,x,THHN Stranded ROYU #14,m,0,0,0,13
1020,x,THHN Stranded ROYU #14,bx,0,0,0,13
1021,x,Toshiba Plate,pc,0,0,0,13
1022,x,TW Solid #10,bx,0,0,0,13
1023,x,TW Solid #10,m,0,0,0,13
1024,x,TW Solid #12,m,0,0,0,13
1025,x,TW Solid #14,m,0,0,0,13
1026,x,TW stranded #10,pc,0,0,0,13
1027,x,TW Stranded #12,m,0,0,0,13
1028,x,TW Stranded #14,m,0,0,0,13
1029,x,TW Stranded #14,bx,0,0,0,13
1030,x,TW stranded #8,pc,0,0,0,13
1031,x,Utility Box Metal,pc,0,0,0,13
1032,x,Utility Box Plastic,pc,0,0,0,13
1033,x,Utility Box Poly,pc,0,0,0,13
1034,x,Welding Cable,pc,0,0,0,13
1035,x,Welding Mask,pc,0,0,0,13
1036,x,Welding Lens,pc,0,0,0,13
1037,x,Welding Electrode Jackson,pc,0,0,0,13
1038,x,Ametek P. Gauge,pc,0,0,0,14
1039,x,Aquarius Ball Valve 1/2,pc,0,0,0,14
1040,x,Black Decker C.Brush,pc,0,0,0,14
1041,x,Bosch C.brush,pc,0,0,0,14
1042,x,Brass Hose Connector 1/2,pc,0,0,0,14
1043,x,Brass Hose Connector 3/4,pc,0,0,0,14
1044,x,Brass Hose Connector 5/8,pc,0,0,0,14
1045,x,Brass Fitting,pc,0,0,0,14
1046,x,Briggs Stainless Faucet HB,pc,0,0,0,14
1047,x,Briggs Stainless Faucet PB,pc,0,0,0,14
1048,x,Bronze Adaptor 1/4,pc,0,0,0,14
1049,x,Chicago Hose Bibb Faucet,pc,0,0,0,14
1050,x,China Sink Faucet-Leichi,pc,0,0,0,14
1051,x,Clayton Check Valve 1/2,pc,0,0,0,14
1052,x,Clayton Check Valve 3/4,pc,0,0,0,14
1053,x,Clayton Check Valve 1,pc,0,0,0,14
1054,x,Clayton Check Valve 1 1/4,pc,0,0,0,14
1055,x,Clayton Check Valve 1 1/2,pc,0,0,0,14
1056,x,Clayton Foot Valve 1,pc,0,0,0,14
1057,x,Clayton Foot Valve 3/4,pc,0,0,0,14
1058,x,Clayton Foot Valve 1 1/2,pc,0,0,0,14
1059,x,Clayton Foot Valve 2,pc,0,0,0,14
1060,x,Cylinder Pump,pc,0,0,0,14
1061,x,Ecodex PVC Ball Valve 1 1/2,pc,0,0,0,14
1062,x,Falcon Gate Valve 1,pc,0,0,0,14
1063,x,Falcon Gate Valve 1 1/2,pc,0,0,0,14
1064,x,Falcon Gate Valve 1 1/4,pc,0,0,0,14
1065,x,Falcon Gate Valve 1/2,pc,0,0,0,14
1066,x,Falcon Gate Valve 3/4,pc,0,0,0,14
1067,x,Falcon Swing Check Valve 1/2,pc,0,0,0,14
1068,x,Falcon Swing Check Valve 3/4,pc,0,0,0,14
1069,x,Faucet aid,pc,0,0,0,14
1070,x,Flexco Faucet Hb,pc,0,0,0,14
1071,x,Flexco Faucet PB,pc,0,0,0,14
1072,x,Flexco Floor Strainer 4x4,pc,0,0,0,14
1073,x,Flexco Angle valve 1/2 x 1/2,pc,0,0,0,14
1074,x,Flexo flex hose 1/2x1/2,pc,0,0,0,14
1075,x,Flexo flex hose 1/2x3/8,pc,0,0,0,14
1076,x,Float Valve 3/4,pc,0,0,0,14
1077,x,Float Valve 1,pc,0,0,0,14
1078,x,Fortech Angle Valve 1/2x3/8,pc,0,0,0,14
1079,x,Fortech Gate valve 3/4,pc,0,0,0,14
1080,x,GV Faucet HB,pc,0,0,0,14
1081,x,GV Faucet PB,pc,0,0,0,14
1082,x,GV Gate Valve 1,pc,0,0,0,14
1083,x,GV Gate Valve 1/2,pc,0,0,0,14
1084,x,GV Gate Valve 3/4,pc,0,0,0,14
1085,x,GV Gate Valve 1 1/4,pc,0,0,0,14
1086,x,GV Gate Valve 2,pc,0,0,0,14
1087,x,GV Swing Check Valve 3/4,pc,0,0,0,14
1088,x,GV Swing Check Valve 1 1/4,pc,0,0,0,14
1089,x,GV Swing Check Valve 1,pc,0,0,0,14
1090,x,GV Swing Check Valve 1/2,pc,0,0,0,14
1091,x,Hose Nozzle-Lever Spray,pc,0,0,0,14
1092,x,Hose Connector 5/8,pc,0,0,0,14
1093,x,Hose Connector 1/2,pc,0,0,0,14
1094,x,Hose Connector 3/4,pc,0,0,0,14
1095,x,K/S master double sink,pc,0,0,0,14
1096,x,Kitchen Sink S/S 16x24,pc,0,0,0,14
1097,x,Kitchen Sink S/S 14x20,pc,0,0,0,14
1098,x,Kitchen Sink S/S w/ board,pc,0,0,0,14
1099,x,Kitchen Sink Ordinary-small,pc,0,0,0,14
1100,x,Kitchen Sink-Ordinary Big,pc,0,0,0,14
1101,x,Kitz Ball Valve 1/2,pc,0,0,0,14
1102,x,Kitz Ball Valve 1,pc,0,0,0,14
1103,x,Kitz Ball Valve 3/4,pc,0,0,0,14
1104,x,Kitz Gate Valve 3/4,pc,0,0,0,14
1105,x,Kitz Gate Valve 1 1/2,pc,0,0,0,14
1106,x,Kitz Gate Valve 3/6,pc,0,0,0,14
1107,x,Lamco Faucet HB,pc,0,0,0,14
1108,x,Lamco Faucet PB,pc,0,0,0,14
1109,x,Lamco Goose neck Faucet 21811,pc,0,0,0,14
1110,x,Lamco Goose neck Faucet 21823,pc,0,0,0,14
1111,x,Lamco Ball valve 1,pc,0,0,0,14
1112,x,Lamco Ball valve 1/2,pc,0,0,0,14
1113,x,Lamco Flexible Hose 1/2x3/8 #18,pc,0,0,0,14
1114,x,Lamco Flexible Hose 1/2x3/8 #14,pc,0,0,0,14
1115,x,Lamco Strainer,pc,0,0,0,14
1116,x,Lavatory Bracket,pc,0,0,0,14
1117,x,Maxco Pig drinker,pc,0,0,0,14
1118,x,Meco Brass Ball valve,pc,0,0,0,14
1119,x,Meco Brass Ball valve,pc,0,0,0,14
1120,x,MECO brass hose nozzle,pc,0,0,0,14
1121,x,Meco Foot Valve 3/4,pc,0,0,0,14
1122,x,Meco Foot Valve 1 1/2,pc,0,0,0,14
1123,x,Ohayo hose nozzle,pc,0,0,0,14
1124,x,Ohayo Tank Fittings,bx,0,0,0,14
1125,x,Ordinary Bowl,pc,0,0,0,14
1126,x,PE elbow 1/2,pc,0,0,0,14
1127,x,PE end cap 1/2,pc,0,0,0,14
1128,x,PE Pipe 1/2 90mm,roll,0,0,0,14
1129,x,PE Pipe 1/2,m,0,0,0,14
1130,x,PE Pipe 3/4 90mm,roll,0,0,0,14
1131,x,60 mm,roll,0,0,0,14
1132,x,PE Coupling 1/2,pc,0,0,0,14
1133,x,PE Coupling 3/4,pc,0,0,0,14
1134,x,PE Coup;ing 1,pc,0,0,0,14
1135,x,PE Connector 1/2,pc,0,0,0,14
1136,x,Pe Connector 3/4,pc,0,0,0,14
1137,x,PE Connector 1`,pc,0,0,0,14
1138,x,PEMale Adapter 3/4,pc,0,0,0,14
1139,x,PEMale Adapter 1/2,pc,0,0,0,14
1140,x,PEMale Adapter 1,pc,0,0,0,14
1141,x,PE Tee 1/2,pc,0,0,0,14
1142,x,PE tee 1,pc,0,0,0,14
1143,x,Pillow Block,pc,0,0,0,14
1144,x,Pillow Block,pc,0,0,0,14
1145,x,Pipe Wrench Powerhouse,pc,0,0,0,14
1146,x,PVC Ball Valve w/ oT 1/2,pc,0,0,0,14
1147,x,PVC Ball Valve w/ oT 1/2 Neltex,pc,0,0,0,14
1148,x,PVC Ball Valve w/o T 3/4,pc,0,0,0,14
1149,x,PVC Ball Valve 1,pc,0,0,0,14
1150,x,PVC Ball Valve w/o T 1 1/2,pc,0,0,0,14
1151,x,PVC Ball Valve w/o T 2,pc,0,0,0,14
1152,x,PVC faucet,pc,0,0,0,14
1153,x,PVC Hose Connector 1/2,pc,0,0,0,14
1154,x,PVC Hose Coupling 3/4,pc,0,0,0,14
1155,x,PVC hose repair (1/2),pc,0,0,0,14
1156,x,PVC hose repair (1/2),pc,0,0,0,14
1157,x,Rainbow Hose (meters) 1,roll,0,0,0,14
1158,x,Rainbow Hose (meters) 1/2,roll,0,0,0,14
1159,x,Rainbow Hose (meters) 1/2,m,0,0,0,14
1160,x,Rainbow Hose (meters) 3/4,roll,0,0,0,14
1161,x,Rainbow Hose (meters) 3/4,m,0,0,0,14
1162,x,Rainbow Hose (meters) 5/8,roll,0,0,0,14
1163,x,Rosco PVC Ball Valve 1/2,pc,0,0,0,14
1164,x,Royal Tern Flush Bowl Blue,pc,0,0,0,14
1165,x,Royal Tern Flush Bowl White,pc,0,0,0,14
1166,x,Royal Tern Pail Flush White Mynah,pc,0,0,0,14
1167,x,Royal Tern Pail Flush Beige,pc,0,0,0,14
1168,x,Royal Tern Pail Flush Light Blue,pc,0,0,0,14
1169,x,Royal Tern Pail Flush Light Green,pc,0,0,0,14
1170,x,Royal Tern Pail Flush Pink,pc,0,0,0,14
1171,x,Royal Tern Pail Flush White Maya,pc,0,0,0,14
1172,x,RT Lavatory beige,pc,0,0,0,14
1173,x,RT Lavatory green,pc,0,0,0,14
1174,x,RT Lavatory pink,pc,0,0,0,14
1175,x,RT Lavatory white,pc,0,0,0,14
1176,x,RT Soap Holder white,pc,0,0,0,14
1177,x,RT Soap Holder green,pc,0,0,0,14
1178,x,RT Tissue Holder white,pc,0,0,0,14
1179,x,RT Tissue Holder beige,pc,0,0,0,14
1180,x,RT Tissue Holder Ivory,pc,0,0,0,14
1181,x,RT Tissue Holder Yellow & White,pc,0,0,0,14
1182,x,RT Seat Cover Blue,pc,0,0,0,14
1183,x,Rt Seat Cover Pink,pc,0,0,0,14
1184,x,RT Seat Cover Green,pc,0,0,0,14
1185,x,RT Seat Cover white,pc,0,0,0,14
1186,x,Sanwa Ball Valve 1 1/2,pc,0,0,0,14
1187,x,Sanwa Ball Valve,pc,0,0,0,14
1188,x,Sanwa Ball Valve,pc,0,0,0,14
1189,x,Sanwa Foot Valve 1 1/4,pc,0,0,0,14
1190,x,SDR Blue Pipe 1/2 ISO,m,0,0,0,14
1191,x,SDR Blue Pipe 1/2 ISO,roll,0,0,0,14
1192,x,SDR Blue Pipe 3/4 ISO,m,0,0,0,14
1193,x,SDR Blue Pipe 3/4 ISO,roll,0,0,0,14
1194,x,SDR Blue Pipe 1 ISO 100m,roll,0,0,0,14
1195,x,Seat Cover beige,pc,0,0,0,14
1196,x,Seat Cover blue,pc,0,0,0,14
1197,x,Seat Cover white,pc,0,0,0,14
1198,x,Shark Angle Valve 1/2 x 1/2,pc,0,0,0,14
1199,x,Shark Angle Valve 1/2 x 3/8,pc,0,0,0,14
1200,x,Shark Ball valve 1 1/4,pc,0,0,0,14
1201,x,Shark Ball valve 1 1/4,pc,0,0,0,14
1202,x,Shark Ball valve 1,pc,0,0,0,14
1203,x,Shark Ball valve 1/2,pc,0,0,0,14
1204,x,Shark Ball valve 3/4,pc,0,0,0,14
1205,x,Shark Check Valve 3/4,pc,0,0,0,14
1206,x,Shark Faucet 2620 Plain Bibb,pc,0,0,0,14
1207,x,Shark Faucet 2621 HOSE Bibb,pc,0,0,0,14
1208,x,Shark Swing Check Balve 1/2,pc,0,0,0,14
1209,x,Shark Swing Check Balve 3/4,pc,0,0,0,14
1210,x,Shark Swing Check Balve 1,pc,0,0,0,14
1211,x,Shark PVC Ball Valve 1/2,pc,0,0,0,14
1212,x,Shark PVC Ball Valve 1,pc,0,0,0,14
1213,x,Shark PVC Ball Valve 1 1/2,pc,0,0,0,14
1214,x,Shark Pig drinker 2670,pc,0,0,0,14
1215,x,Shark S/S Flexible Hose 7/8x1/2x12,pc,0,0,0,14
1216,x,Shark S/S Flexible Hose 7/8x3/8x12,pc,0,0,0,14
1217,x,Shark S/S Flexible Hose 1/2x1/2x12,pc,0,0,0,14
1218,x,Shark S/S Flexible Hose 1/2x3/8x12,pc,0,0,0,14
1219,x,Shark S/S Flexible Hose 1/2x1/2x16,pc,0,0,0,14
1220,x,Shark S/S Flexible Hose 1/2x1/2x18,pc,0,0,0,14
1221,x,Shark Lavatory Faucet 2250,pc,0,0,0,14
1222,x,Shark Lavatory Faucet 2240,pc,0,0,0,14
1223,x,Shark Lavatory faucet 2401 with round H,pc,0,0,0,14
1224,x,Shark Sink Faucet 2301,pc,0,0,0,14
1225,x,Shark Shower Head 2523,pc,0,0,0,14
1226,x,Shark Bidet 2516,pc,0,0,0,14
1227,x,Shark Bidet 2512 set Chrome plated,pc,0,0,0,14
1228,x,Shark Floor Strainer 2807 4x4,pc,0,0,0,14
1229,x,Shark Shower Valve 2540,pc,0,0,0,14
1230,x,Shark Goose Neck Faucet 2215,pc,0,0,0,14
1231,x,Sgark Wall Mounted 2228,pc,0,0,0,14
1232,x,S-Tank Patayo 1000 lit,pc,0,0,0,14
1233,x,S-Tank Patayo 1500 lit,pc,0,0,0,14
1234,x,S-Tank Patayo 1200 lit,pc,0,0,0,14
1235,x,S-Tank Patayo 800 lit,pc,0,0,0,14
1236,x,S-Tank Pahiga 1500 lit,pc,0,0,0,14
1237,x,S-Tank Pahiga 1200 lit,pc,0,0,0,14
1238,x,S-Tank Pahiga 800 lit,pc,0,0,0,14
1239,x,Strainer-Duo Ohayo,pc,0,0,0,14
1240,x,Strainer-Basket HRC,pc,0,0,0,14
1241,x,Strainer Duplex PMR,pc,0,0,0,14
1242,x,Tek Screw Adapter 8mm,pc,0,0,0,14
1243,x,Tek Screw Adapter 8mm Power hause,pc,0,0,0,14
1244,x,Teflon big US,pc,0,0,0,14
1245,x,Teflon small,pc,0,0,0,14
1246,x,Teflon 3/4,pc,0,0,0,14
1247,x,Teico faucet HB,pc,0,0,0,14
1248,x,Teico faucet PB,pc,0,0,0,14
1249,x,Telephone Shower w/ 2 way faucet,pc,0,0,0,14
1250,x,Toilet Pump,pc,0,0,0,14
1251,x,US Leather Cap,pc,0,0,0,14
1252,x,US Leather Cap Injector,pc,0,0,0,14
1253,x,US Faucet HB,pc,0,0,0,14
1254,x,US Faucet PB,pc,0,0,0,14
1255,x,Stainless,pc,0,0,0,14
1256,x,excel Angle valve 3 way,pc,0,0,0,14
1257,x,Valiant angle valve 1/2,pc,0,0,0,14
1258,x,Valiant Ball Valve 1,pc,0,0,0,14
1259,x,Valiant Ball Valve 2,pc,0,0,0,14
1260,x,Valiant Ball Valve 3/4,pc,0,0,0,14
1261,x,Valiant Ball Valve 1 1/4,pc,0,0,0,14
1262,x,Valiant Gate Valve 1/2,pc,0,0,0,14
1263,x,Valiant Gate Valve 3/4,pc,0,0,0,14
1264,x,Valiant Gate Valve 1 1/4,pc,0,0,0,14
1265,x,Valiant Gate Valve 1 1/2,pc,0,0,0,14
1266,x,Valiant faucet,pc,0,0,0,14
1267,x,Vosch Tech PVC ball valve 1 1/2,pc,0,0,0,14
1268,x,Water Meter Gauge(Ametex),pc,0,0,0,14
1269,x,WB Foot Valve 1,pc,0,0,0,14
1270,x,Acrylic Thinner,pc,0,0,0,15
1271,x,Buildrite 40 g water stop,pc,0,0,0,15
1272,x,Bulldog,pc,0,0,0,15
1273,x,Concrete Neutralizer lit,pc,0,0,0,15
1274,x,Cord Epoxy Steel big 40gms,pc,0,0,0,15
1275,x,Cord Epoxy Steel small 15 gms,pc,0,0,0,15
1276,x,Denatured Alcohol,pc,0,0,0,15
1277,x,Durasteel 15g,pc,0,0,0,15
1278,x,Elasto Seal 85 g,pc,0,0,0,15
1279,x,Elasto Seal 250 g,pc,0,0,0,15
1280,x,Epoxy Steel 15g,pc,0,0,0,15
1281,x,Epoxy Pioneer Dura Steel 35 g,pc,0,0,0,15
1282,x,Eposy steel 40 g,pc,0,0,0,15
1283,x,Fed Seal,pc,0,0,0,15
1284,x,Fulatite Lit,pc,0,0,0,15
1285,x,Gap sealant,pc,0,0,0,15
1286,x,Hardener,pc,0,0,0,15
1287,x,Hometrek 240 ml,pc,0,0,0,15
1288,x,Lacquer Flo Hudson,pc,0,0,0,15
1289,x,Lacquer Thinner bottle,pc,0,0,0,15
1290,x,Lacquer Thinner gal,pc,0,0,0,15
1291,x,Leadrex Lit,pc,0,0,0,15
1292,x,Leadrex gal,pc,0,0,0,15
1293,x,Marine Epoxy 1/2,pc,0,0,0,15
1294,x,Marine Epoxy Lit,pc,0,0,0,15
1295,x,Master Black Coaltar gal,pc,0,0,0,15
1296,x,Master Black Coaltar liter,pc,0,0,0,15
1297,x,Master Roof Cement (1L),pc,0,0,0,15
1298,x,McK 9in1 Tech. Oil,pc,0,0,0,15
1299,x,Metal Polish A-1,pc,0,0,0,15
1300,x,Mighty Bond big,pc,0,0,0,15
1301,x,Mighty Bond 3 g,pc,0,0,0,15
1302,x,Muriatic Acid commercial,pc,0,0,0,15
1303,x,Neltex Cement 100cc,pc,0,0,0,15
1304,x,Neltex Cement 200cc,pc,0,0,0,15
1305,x,Neltex Cement 400cc,pc,0,0,0,15
1306,x,Oil Wood Stain Mahogany,pc,0,0,0,15
1307,x,Oil Wood Stain Maple,pc,0,0,0,15
1308,x,Paint Remover,pc,0,0,0,15
1309,x,Paint Thinner bottle,pc,0,0,0,15
1310,x,Paint Thinner gal,pc,0,0,0,15
1311,x,Pioneer Epoxy Steel (AB) 1/4,pc,0,0,0,15
1312,x,Pioneer Epoxy Steel (AB) 1/2,pc,0,0,0,15
1313,x,Pioneer Epoxy Steel (AB) 1/8,pc,0,0,0,15
1314,x,Pioneer Epoxy Steel (AB) 1 lit,pc,0,0,0,15
1315,x,Polituff,pc,0,0,0,15
1316,x,Rugby Bottle do 300 ml,pc,0,0,0,15
1317,x,Rugby grandfrix,pc,0,0,0,15
1318,x,Sahara,pc,0,0,0,15
1319,x,Sanding Sealer (boysen),pc,0,0,0,15
1320,x,Sanding Sealer (welcoat),pc,0,0,0,15
1321,x,Sealant ABC clear,pc,0,0,0,15
1322,x,Sealant-Aimee,pc,0,0,0,15
1323,x,Shell Wood,pc,0,0,0,15
1324,x,Silicone Sealant,pc,0,0,0,15
1325,x,Strainer Sunrise,pc,0,0,0,15
1326,x,Strainer Ohayo,pc,0,0,0,15
1327,x,Strainer PMR,pc,0,0,0,15
1328,x,Soilguard termicide 250 ml,pc,0,0,0,15
1329,x,Soilguard termicide 1 Lit,pc,0,0,0,15
1330,x,Solignum Brown 1 lit,pc,0,0,0,15
1331,x,Solignum Brown gal,pc,0,0,0,15
1332,x,Solignum Clear 1 lit,pc,0,0,0,15
1333,x,Solignum Clear gal,pc,0,0,0,15
1334,x,Solvent 1/4,pc,0,0,0,15
1335,x,Solvent 1/8,pc,0,0,0,15
1336,x,Stikwel 1/2,pc,0,0,0,15
1337,x,Stikwel 1/4,pc,0,0,0,15
1338,x,Stikwel lit,pc,0,0,0,15
1339,x,Stikwel pack,pc,0,0,0,15
1340,x,Stripsol,pc,0,0,0,15
1341,x,Turco Converter 1 lit,pc,0,0,0,15
1342,x,Turco Converter 1/2,pc,0,0,0,15
1343,x,Turco Converter gal,pc,0,0,0,15
1344,x,Valspar 1/2,pc,0,0,0,15
1345,x,Valspar 1/4,pc,0,0,0,15
1346,x,Valspar gal,pc,0,0,0,15
1347,x,Valspar Lit,pc,0,0,0,15
1348,x,Varnish Ordinary Mahogany,pc,0,0,0,15
1349,x,Varnish Ordinary Mapple,pc,0,0,0,15
1350,x,Varnish Ordinary Natural,pc,0,0,0,15
1351,x,Vulcaseal pck,pc,0,0,0,15
1352,x,Vulcaseal 1/2,pc,0,0,0,15
1353,x,Vulcaseal 1/4,pc,0,0,0,15
1354,x,Vulcaseal gal,pc,0,0,0,15
1355,x,Vulcaseal Lit,pc,0,0,0,15
1356,x,Vulcaseal pack,pc,0,0,0,15
1357,x,WBC PVC ball balve 1/2,pc,0,0,0,15
1358,x,Waterstop 200 ml,pc,0,0,0,15
1359,x,Waterstop pack 60ml,pc,0,0,0,15
1360,x,WD 40,pc,0,0,0,15
1361,x,Woodpro,pc,0,0,0,15
1362,x,Woodtech (1L),pc,0,0,0,15
1363,x,YKE PVC ball valve 1/2,pc,0,0,0,15
1364,x,Black Iron Pipe,pc,0,0,0,16
1365,x,France Coupling 1/2,pc,0,0,0,16
1366,x,France Coupling 3/4,pc,0,0,0,16
1367,x,France Coupling 1,pc,0,0,0,16
1368,x,France Coupling 1 1/4,pc,0,0,0,16
1369,x,France Coupling 1 1/2,pc,0,0,0,16
1370,x,France Coupling 2,pc,0,0,0,16
1371,x,GI Bushing Reducer 1 1/2x 2 Ord,pc,0,0,0,16
1372,x,GI Bushing Reducer 1 1/2x1/2 HD,pc,0,0,0,16
1373,x,GI Bushing Reducer 1 1/4x1 1/2 HD,pc,0,0,0,16
1374,x,GI Bushing Reducer 1 1/4x1 HD,pc,0,0,0,16
1375,x,GI Bushing Reducer 1 1/4x2,pc,0,0,0,16
1376,x,GI Bushing Reducer 1/2x1 HD,pc,0,0,0,16
1377,x,GI Bushing Reducer 1/2x1/4,pc,0,0,0,16
1378,x,GI Bushing Reducer 1/2x3/4 HD,pc,0,0,0,16
1379,x,GI Bushing Reducer 1/2x3/8 Ord,pc,0,0,0,16
1380,x,GI Bushing Reducer 1x1 1/2,pc,0,0,0,16
1381,x,GI Bushing Reducer 1x1 1/4,pc,0,0,0,16
1382,x,GI Bushing Reducer 1x1/2 Ord,pc,0,0,0,16
1383,x,GI Bushing Reducer 1x1/4,pc,0,0,0,16
1384,x,GI Bushing Reducer 1x2,pc,0,0,0,16
1385,x,GI Bushing Reducer 3/4x1 Ord,pc,0,0,0,16
1386,x,GI Bushing Reducer 3/4x1 1/2,pc,0,0,0,16
1387,x,GI Bushing Reducer 3/4x1 1/4 HD,pc,0,0,0,16
1388,x,GI Bushing Reducer 3/4x1/4,pc,0,0,0,16
1389,x,GI Bushing Reducer 3/4x1 HD,pc,0,0,0,16
1390,x,GI Bushing Reducer 3/4x2,pc,0,0,0,16
1391,x,GI Bushing Reducer 3/4x3/8,pc,0,0,0,16
1392,x,GI Bushiong Reducer 2x1/2 HD,pc,0,0,0,16
1393,x,GI Cap 1 HD,pc,0,0,0,16
1394,x,GI Cap 1 1/4,pc,0,0,0,16
1395,x,GI Cap 1 1/2,pc,0,0,0,16
1396,x,GI Cap 1/2,pc,0,0,0,16
1397,x,GI Cap 2,pc,0,0,0,16
1398,x,GI Cap 3/4,pc,0,0,0,16
1399,x,GI Coupling 3/4 W,pc,0,0,0,16
1400,x,GI Coupling 3/8 HD,pc,0,0,0,16
1401,x,GI Coupling 1/2,pc,0,0,0,16
1402,x,GI Coupling 3/4,pc,0,0,0,16
1403,x,GI Coupling 1 HD,pc,0,0,0,16
1404,x,GI Coupling 1 1/4,pc,0,0,0,16
1405,x,GI Coupling 1 1/2,pc,0,0,0,16
1406,x,GI Coupling 2,pc,0,0,0,16
1407,x,GI Coupling 3/8 Ord,pc,0,0,0,16
1408,x,GI Coupling 1/2,pc,0,0,0,16
1409,x,GI Coupling 3/4,pc,0,0,0,16
1410,x,GI Coupling 1,pc,0,0,0,16
1411,x,GI Coupling 1 1/4,pc,0,0,0,16
1412,x,GI Coupling 1 1/2,pc,0,0,0,16
1413,x,GI Coupling 2,pc,0,0,0,16
1414,x,GI Coupling Reducer,pc,0,0,0,16
1415,x,GI Coupling Reducer 1 1/4x2 ORD,pc,0,0,0,16
1416,x,GI Coupling Reducer 1/2x1 HD,pc,0,0,0,16
1417,x,GI Coupling Reducer 1/2x3/4 HD,pc,0,0,0,16
1418,x,GI Coupling Reducer 1/2x3/8 HD,pc,0,0,0,16
1419,x,GI Coupling Reducer 1x1 1/2 HD,pc,0,0,0,16
1420,x,GI Coupling Reducer 1x1 1/4 HD,pc,0,0,0,16
1421,x,GI Coupling Reducer 2x1 1/4 HD,pc,0,0,0,16
1422,x,GI Coupling Reducer 3/4x1 HD,pc,0,0,0,16
1423,x,GI Coupling Reducer 3/4x1 Ord,pc,0,0,0,16
1424,x,GI Coupling Reducer 3/4x1 1/4 Ord,pc,0,0,0,16
1425,x,GI Coupling Reducer 2x1 Ord,pc,0,0,0,16
1426,x,GI Coupling Reducer 1 1/2x1 1/4 HD,pc,0,0,0,16
1427,x,GI Cross Tee 1 1/2,pc,0,0,0,16
1428,x,GI Cross Tee 1 1/4,pc,0,0,0,16
1429,x,GI Cross Tee 1,pc,0,0,0,16
1430,x,GI Cross Tee 1/2,pc,0,0,0,16
1431,x,GI Cross Tee 3/4,pc,0,0,0,16
1432,x,GI Elbow (45') 1/2 HD,pc,0,0,0,16
1433,x,GI Elbow (90') 1 HD,pc,0,0,0,16
1434,x,GI Elbow (90') 1 1/2,pc,0,0,0,16
1435,x,GI Elbow (90') 1 1/4,pc,0,0,0,16
1436,x,GI Elbow (90') 1/2 HD,pc,0,0,0,16
1437,x,GI Elbow (90') 1/4 HD,pc,0,0,0,16
1438,x,GI Elbow (90') 2 HD,pc,0,0,0,16
1439,x,GI Elbow (90') 3/4 HD,pc,0,0,0,16
1440,x,GI Elbow (90') 3/8 HD,pc,0,0,0,16
1441,x,GI Elbow 1/2 Ord,pc,0,0,0,16
1442,x,GI Elbow 3/4 Ord,pc,0,0,0,16
1443,x,GI Elbow 1 Ord,pc,0,0,0,16
1444,x,GI Elbow 1 1/2 Ord,pc,0,0,0,16
1445,x,GI Elbow 1 1/4 Ord,pc,0,0,0,16
1446,x,GI Elbow Reducer,pc,0,0,0,16
1447,x,GI Elbow Reducer 1 1/2X2 Ord,pc,0,0,0,16
1448,x,GI Elbow Reducer 1 1/4X2,pc,0,0,0,16
1449,x,GI Elbow Reducer 1 1/2 x 1 Ord,pc,0,0,0,16
1450,x,GI Elbow Reducer 1 1/2 x 1/2 Ord,pc,0,0,0,16
1451,x,GI Elbow Reducer 1/2X1 Ord,pc,0,0,0,16
1452,x,GI Elbow Reducer 1/2X3/4 HD,pc,0,0,0,16
1453,x,GI Elbow Reducer 1/2X3/8 HD,pc,0,0,0,16
1454,x,GI Elbow Reducer 1X1 1/4,pc,0,0,0,16
1455,x,GI Elbow Reducer 3/4X1,pc,0,0,0,16
1456,x,GI Elbow Reducer 3/4X1 1/2 Ord,pc,0,0,0,16
1457,x,GI Elbow Reducer 3/4X1 1/4 Ord,pc,0,0,0,16
1458,x,GI Elbow Reducer 3/4X2,pc,0,0,0,16
1459,x,GI Coupling -W- 1/2,pc,0,0,0,16
1460,x,GI Coupling -W- 3/4,pc,0,0,0,16
1461,x,GI Nipple 1 1/2 x10,pc,0,0,0,16
1462,x,GI Nipple 1 1/2 x11,pc,0,0,0,16
1463,x,GI Nipple 1 1/2 x12,pc,0,0,0,16
1464,x,GI Nipple 1 1/2 x2,pc,0,0,0,16
1465,x,GI Nipple 1 1/2 x3,pc,0,0,0,16
1466,x,GI Nipple 1 1/2 x4,pc,0,0,0,16
1467,x,GI Nipple 1 1/2 x5,pc,0,0,0,16
1468,x,GI Nipple 1 1/2 x6,pc,0,0,0,16
1469,x,GI Nipple 1 1/2 x7,pc,0,0,0,16
1470,x,GI Nipple 1 1/2 x8,pc,0,0,0,16
1471,x,GI Nipple 1 1/2 x9,pc,0,0,0,16
1472,x,GI Nipple 1 1/2x closed,pc,0,0,0,16
1473,x,GI Nipple 1 1/4 x10,pc,0,0,0,16
1474,x,GI Nipple 1 1/4 x11,pc,0,0,0,16
1475,x,GI Nipple 1 1/4 x12,pc,0,0,0,16
1476,x,GI Nipple 1 1/4 x2,pc,0,0,0,16
1477,x,GI Nipple 1 1/4 x3,pc,0,0,0,16
1478,x,GI Nipple 1 1/4 x4,pc,0,0,0,16
1479,x,GI Nipple 1 1/4 x5,pc,0,0,0,16
1480,x,GI Nipple 1 1/4 x6,pc,0,0,0,16
1481,x,GI Nipple 1 1/4 x7,pc,0,0,0,16
1482,x,GI Nipple 1 1/4 x8,pc,0,0,0,16
1483,x,GI Nipple 1 1/4 x9,pc,0,0,0,16
1484,x,GI Nipple 1 1/4x closed,pc,0,0,0,16
1485,x,GI Nipple 1/2 x closed,pc,0,0,0,16
1486,x,GI Nipple 1/2x10,pc,0,0,0,16
1487,x,GI Nipple 1/2x11,pc,0,0,0,16
1488,x,GI Nipple 1/2x12,pc,0,0,0,16
1489,x,GI Nipple 1/2x2,pc,0,0,0,16
1490,x,GI Nipple 1/2x3,pc,0,0,0,16
1491,x,GI Nipple 1/2x4,pc,0,0,0,16
1492,x,GI Nipple 1/2x5,pc,0,0,0,16
1493,x,GI Nipple 1/2x6,pc,0,0,0,16
1494,x,GI Nipple 1/2x7,pc,0,0,0,16
1495,x,GI Nipple 1/2x8,pc,0,0,0,16
1496,x,GI Nipple 1/2x9,pc,0,0,0,16
1497,x,GI Nipple 1/4x2,pc,0,0,0,16
1498,x,GI Nipple 1/4x3,pc,0,0,0,16
1499,x,GI Nipple 1/4x4,pc,0,0,0,16
1500,x,GI Nipple 1/4x5,pc,0,0,0,16
1501,x,GI Nipple 1/4x6,pc,0,0,0,16
1502,x,GI Nipple 1/4x7,pc,0,0,0,16
1503,x,GI Nipple 1/4x8,pc,0,0,0,16
1504,x,GI Nipple 1/4x9,pc,0,0,0,16
1505,x,GI Nipple 1/4x10,pc,0,0,0,16
1506,x,GI Nipple 1/4x11,pc,0,0,0,16
1507,x,GI Nipple 1/4x12,pc,0,0,0,16
1508,x,GI Nipple 1x10,pc,0,0,0,16
1509,x,GI Nipple 1x11,pc,0,0,0,16
1510,x,GI Nipple 1x12,pc,0,0,0,16
1511,x,GI Nipple 1x2,pc,0,0,0,16
1512,x,GI Nipple 1x3,pc,0,0,0,16
1513,x,GI Nipple 1x4,pc,0,0,0,16
1514,x,GI Nipple 1x5,pc,0,0,0,16
1515,x,GI Nipple 1x6,pc,0,0,0,16
1516,x,GI Nipple 1x7,pc,0,0,0,16
1517,x,GI Nipple 1x8,pc,0,0,0,16
1518,x,GI Nipple 1x9,pc,0,0,0,16
1519,x,GI Nipple 2x closed,pc,0,0,0,16
1520,x,GI Nipple 2x10,pc,0,0,0,16
1521,x,GI Nipple 2x11,pc,0,0,0,16
1522,x,GI Nipple 2x12,pc,0,0,0,16
1523,x,GI Nipple 2x2,pc,0,0,0,16
1524,x,GI Nipple 2x3,pc,0,0,0,16
1525,x,GI Nipple 2x4,pc,0,0,0,16
1526,x,GI Nipple 2x5,pc,0,0,0,16
1527,x,GI Nipple 2x6,pc,0,0,0,16
1528,x,GI Nipple 2x7,pc,0,0,0,16
1529,x,GI Nipple 2x8,pc,0,0,0,16
1530,x,GI Nipple 2x9,pc,0,0,0,16
1531,x,GI Nipple 3/4x10,pc,0,0,0,16
1532,x,GI Nipple 3/4x11,pc,0,0,0,16
1533,x,GI Nipple 3/4x12,pc,0,0,0,16
1534,x,GI Nipple 3/4x2,pc,0,0,0,16
1535,x,GI Nipple 3/4x3,pc,0,0,0,16
1536,x,GI Nipple 3/4x4,pc,0,0,0,16
1537,x,GI Nipple 3/4x5,pc,0,0,0,16
1538,x,GI Nipple 3/4x6,pc,0,0,0,16
1539,x,GI Nipple 3/4x7,pc,0,0,0,16
1540,x,GI Nipple 3/4x8,pc,0,0,0,16
1541,x,GI Nipple 3/4x9,pc,0,0,0,16
1542,x,GI Nipple 3/4xclosed,pc,0,0,0,16
1543,x,GI Nipple 3/8x3,pc,0,0,0,16
1544,x,GI Nipple 3/8x4,pc,0,0,0,16
1545,x,GI Nipple 3/8x5,pc,0,0,0,16
1546,x,GI Nipple 3/8x6,pc,0,0,0,16
1547,x,GI Nipple 3/8x7,pc,0,0,0,16
1548,x,GI Nipple 3/8x8,pc,0,0,0,16
1549,x,GI PipE S-40 1/2,pc,0,0,0,16
1550,x,GI PipE S-40 3/4,pc,0,0,0,16
1551,x,GI PipE S-40 1,pc,0,0,0,16
1552,x,GI PipE S-40 1 1/4,pc,0,0,0,16
1553,x,GI PipE S-40 1 1/2,pc,0,0,0,16
1554,x,GI PipE S-40 2,pc,0,0,0,16
1555,x,GI PipE S-40 3,pc,0,0,0,16
1556,x,GI Pipes S-20 1/2,pc,0,0,0,16
1557,x,GI Pipes S-20 3/4,pc,0,0,0,16
1558,x,GI Pipes S-20 1,pc,0,0,0,16
1559,x,GI Pipes S-20 1 1/4,pc,0,0,0,16
1560,x,GI Pipes S-20 1 1/2,pc,0,0,0,16
1561,x,GI Pipes S-20 2,pc,0,0,0,16
1562,x,GI Plug 1 HD,pc,0,0,0,16
1563,x,GI Plug 1 1/2,pc,0,0,0,16
1564,x,GI Plug 1 1/4,pc,0,0,0,16
1565,x,GI Plug 1/2,pc,0,0,0,16
1566,x,GI Plug 2,pc,0,0,0,16
1567,x,GI Plug 3/4,pc,0,0,0,16
1568,x,GI Plug 1 Ord,pc,0,0,0,16
1569,x,GI Plug 1 1/2,pc,0,0,0,16
1570,x,GI Plug 1 1/4,pc,0,0,0,16
1571,x,GI Plug 1/2,pc,0,0,0,16
1572,x,GI Plug 2,pc,0,0,0,16
1573,x,GI Plug 3/4,pc,0,0,0,16
1574,x,GI St. Elbow 1/2,pc,0,0,0,16
1575,x,GI St. Elbow 3/4,pc,0,0,0,16
1576,x,GI St. Elbow 1,pc,0,0,0,16
1577,x,GI St. Elbow 1 1/4,pc,0,0,0,16
1578,x,GI St. Elbow 1 1/2,pc,0,0,0,16
1579,x,GI St. Elbow 2,pc,0,0,0,16
1580,x,,pc,0,0,0,16
1581,x,GI St. Elbow 1/8,pc,0,0,0,16
1582,x,GI Tee 1/2 HD,pc,0,0,0,16
1583,x,GI Tee 3/4 HD,pc,0,0,0,16
1584,x,GI Tee 1 HD,pc,0,0,0,16
1585,x,GI Tee 1 1/4 HD,pc,0,0,0,16
1586,x,GI Tee 1 1/2 HD,pc,0,0,0,16
1587,x,GI Tee 2 HD,pc,0,0,0,16
1588,x,GI Tee 3/8 Ord,pc,0,0,0,16
1589,x,GI Tee 1/2 Ord,pc,0,0,0,16
1590,x,GI Tee 3/4 Ord,pc,0,0,0,16
1591,x,GI Tee 1 Ord,pc,0,0,0,16
1592,x,GI Tee 1 1/4 Ord,pc,0,0,0,16
1593,x,GI Tee 1 1/2 Ord,pc,0,0,0,16
1594,x,GI Tee 2 Ord,pc,0,0,0,16
1595,x,GI Tee Reducer 1 1/2 x 1HD,pc,0,0,0,16
1596,x,GI Tee Reducer 1 1/4x1 1/2,pc,0,0,0,16
1597,x,GI Tee Reducer 1 1/4x2,pc,0,0,0,16
1598,x,GI Tee Reducer 1/2x1 HD,pc,0,0,0,16
1599,x,GI Tee Reducer 1/2x1 1/4,pc,0,0,0,16
1600,x,GI Tee Reducer 1/2x3/4 HD,pc,0,0,0,16
1601,x,GI Tee Reducer 1/2 x 3/4 Ord,pc,0,0,0,16
1602,x,GI Tee Reducer 1x1 1/4,pc,0,0,0,16
1603,x,GI Tee Reducer 1x2 HD,pc,0,0,0,16
1604,x,GI Tee Reducer 3/4x1 1/2,pc,0,0,0,16
1605,x,GI Tee Reducer 1 1/2x1,pc,0,0,0,16
1606,x,GI Union Patente 1 1/2,pc,0,0,0,16
1607,x,GI Union Patente 1 1/4 HD,pc,0,0,0,16
1608,x,GI Union Patente 1/2,pc,0,0,0,16
1609,x,GI Union Patente 1,pc,0,0,0,16
1610,x,GI Union Patente 2,pc,0,0,0,16
1611,x,GI Union Patente 3/4,pc,0,0,0,16
1612,x,GI Union Patente 3/8 HD,pc,0,0,0,16
1613,x,PVC Clean out 2,pc,0,0,0,17
1614,x,PVC Clean out 3,pc,0,0,0,17
1615,x,PVC Clean out 4,pc,0,0,0,17
1616,x,PVC Coupling 2,pc,0,0,0,17
1617,x,PVC Coupling 3,pc,0,0,0,17
1618,x,PVC Coupling 4,pc,0,0,0,17
1619,x,PVC Coupling 6,pc,0,0,0,17
1620,x,PVC Elbow 1/4x2,pc,0,0,0,17
1621,x,PVC Elbow 1/4x3,pc,0,0,0,17
1622,x,PVC Elbow 1/4x4,pc,0,0,0,17
1623,x,PVC Elbow 1/4x6,pc,0,0,0,17
1624,x,PVC Elbow 1/8x2,pc,0,0,0,17
1625,x,PVC Elbow 1/8x3,pc,0,0,0,17
1626,x,PVC Elbow 1/8x4,pc,0,0,0,17
1627,x,PVC Elbow Gray 6,pc,0,0,0,17
1628,x,PVC Gray Elobw 1/4 x 2,pc,0,0,0,17
1629,x,PVC Tee 2,pc,0,0,0,17
1630,x,PVC P Trap 2,pc,0,0,0,17
1631,x,PVC Tee 3,pc,0,0,0,17
1632,x,PVC Tee 4,pc,0,0,0,17
1633,x,PVC Tee 6,pc,0,0,0,17
1634,x,PVC Tee Reducer 3x2,pc,0,0,0,17
1635,x,PVC Tee Reducer 4x2,pc,0,0,0,17
1636,x,PVC Tee Reducer 4x3,pc,0,0,0,17
1637,x,PVC Wye 2,pc,0,0,0,17
1638,x,PVC Wye 3,pc,0,0,0,17
1639,x,PVC Wye 4,pc,0,0,0,17
1640,x,PVC Wye 6,pc,0,0,0,17
1641,x,PVC Wye Reducer 3xx2,pc,0,0,0,17
1642,x,PVC Wye Reducer 4x2,pc,0,0,0,17
1643,x,PVC Wye Reducer4x3,pc,0,0,0,17
1644,x,Semi Std. 2,pc,0,0,0,17
1645,x,Semi Std. 3,pc,0,0,0,17
1646,x,Semi Std. 4,pc,0,0,0,17
1647,x,Standard 2 1/2 gray,pc,0,0,0,17
1648,x,Standard 3,pc,0,0,0,17
1649,x,Semi Standard 6,pc,0,0,0,17
1650,x,PPR Coupling 1/2,pc,0,0,0,17
1651,x,PPR Elbow 1/2,pc,0,0,0,17
1652,x,PPR Pipe 1/2,pc,0,0,0,17
1653,x,PPR Tee 1/2,pc,0,0,0,17
1654,x,Neltex Wye #2,pc,0,0,0,18
1655,x,Neltex Wye #3,pc,0,0,0,18
1656,x,Neltex Wye #4,pc,0,0,0,18
1657,x,Nltx Clean out #2,pc,0,0,0,18
1658,x,Nltx Clean out #3,pc,0,0,0,18
1659,x,Nltx Clean out #4,pc,0,0,0,18
1660,x,Nltx Coupling #2,pc,0,0,0,18
1661,x,Nltx Coupling #3,pc,0,0,0,18
1662,x,Nltx Coupling #4,pc,0,0,0,18
1663,x,Nltx Coupling Reducer 2x3,pc,0,0,0,18
1664,x,Nltx Coupling Reducer 2x4,pc,0,0,0,18
1665,x,Nltx Coupling Reducer 3x4,pc,0,0,0,18
1666,x,Nltx Elbow 1/4x2,pc,0,0,0,18
1667,x,Nltx Elbow 1/4x3,pc,0,0,0,18
1668,x,Nltx Elbow 1/4x4,pc,0,0,0,18
1669,x,Nltx Elbow 1/8x2,pc,0,0,0,18
1670,x,Nltx Elbow 1/8x3,pc,0,0,0,18
1671,x,Nltx Elbow 1/8x4,pc,0,0,0,18
1672,x,Nltx Long Elbow 1/2,pc,0,0,0,18
1673,x,Nltx Long Elbow 3/4,pc,0,0,0,18
1674,x,Nltx Long Elbow 1,pc,0,0,0,18
1675,x,Nltx P s 1000 # 1/2,pc,0,0,0,18
1676,x,Nltx P s 1000 # 3/4,pc,0,0,0,18
1677,x,Nltx P s 1000 # 1,pc,0,0,0,18
1678,x,Nltx P s 1000 # 2,pc,0,0,0,18
1679,x,Nltx P s 1000 # 3,pc,0,0,0,18
1680,x,Nltx P s 1000 #4,pc,0,0,0,18
1681,x,Nltx P s 600 # 1/2,pc,0,0,0,18
1682,x,Nltx P s 600 # 3/4,pc,0,0,0,18
1683,x,Nltx P s 600 # 1,pc,0,0,0,18
1684,x,Nltx P s 600 # 2,pc,0,0,0,18
1685,x,Nltx P s 600 # 3,pc,0,0,0,18
1686,x,Nltx P s 600 # 4,pc,0,0,0,18
1687,x,Nltx P trap,pc,0,0,0,18
1688,x,Nltx Short Elbow 1/2,pc,0,0,0,18
1689,x,Nltx Short Elbow 3/4,pc,0,0,0,18
1690,x,Nltx Tee #2,pc,0,0,0,18
1691,x,Nltx Tee #3,pc,0,0,0,18
1692,x,Nltx Tee #4,pc,0,0,0,18
1693,x,Nltx Tee Reducer 3x2,pc,0,0,0,18
1694,x,Nltx Tee Reducer 4x2,pc,0,0,0,18
1695,x,Nltx Tee Reducer 4x3,pc,0,0,0,18
1696,x,Nltx Wye 2x2,pc,0,0,0,18
1697,x,Nltx Wye 3x3,pc,0,0,0,18
1698,x,Nltx Wye 4x4,pc,0,0,0,18
1699,x,Nltx Wye Reducer 3x2,pc,0,0,0,18
1700,x,Nltx Wye Reducer 4x2,pc,0,0,0,18
1701,x,Nltx Wye Reducer 4x3,pc,0,0,0,18
1702,x,Nltx Zacto Pipe #2,pc,0,0,0,18
1703,x,Nltx Zacto Pipe #6,pc,0,0,0,18
1704,x,Orange Elbow # 1,pc,0,0,0,18
1705,x,Orange Short Elbow # 1/2,pc,0,0,0,18
1706,x,Orange Long Elbow # 1/2,pc,0,0,0,18
1707,x,SB Cap 1/2,pc,0,0,0,19
1708,x,SB Cap 3/4,pc,0,0,0,19
1709,x,SB Cap 3/4 w/T,pc,0,0,0,19
1710,x,SB Coupling w/oT 1,pc,0,0,0,19
1711,x,SB Coupling 1 1/2,pc,0,0,0,19
1712,x,SB Coupling 1/2,pc,0,0,0,19
1713,x,SB Coupling 2,pc,0,0,0,19
1714,x,SB Coupling 3/4,pc,0,0,0,19
1715,x,SB Coupling Reducer 1/2x3/4,pc,0,0,0,19
1716,x,SB Coupling Reducer 3/4 x 1,pc,0,0,0,19
1717,x,SB Coupling Reducer 1/2 x 1,pc,0,0,0,19
1718,x,SB Elbow w/ T 1/2,pc,0,0,0,19
1719,x,SB Elbow w/ T 3/4,pc,0,0,0,19
1720,x,SB Elbow w/ T 1,pc,0,0,0,19
1721,x,SB Elbow w/ T 1 1/2,pc,0,0,0,19
1722,x,SB Elbow w/ T 2,pc,0,0,0,19
1723,x,SB Elbow w/o T 1/2,pc,0,0,0,19
1724,x,SB Elbow w/o T 3/4,pc,0,0,0,19
1725,x,SB Elbow w/o T 1,pc,0,0,0,19
1726,x,SB Elbow w/o T 1 1/2,pc,0,0,0,19
1727,x,SB Elbow w/o T 2,pc,0,0,0,19
1728,x,SB Female Adaptor 1,pc,0,0,0,19
1729,x,SB Female Adaptor 1 1/2,pc,0,0,0,19
1730,x,SB Female Adaptor 1/2,pc,0,0,0,19
1731,x,SB Female Adaptor 2,pc,0,0,0,19
1732,x,SB Female Adaptor 3/4,pc,0,0,0,19
1733,x,SB Male Adaptor 1,pc,0,0,0,19
1734,x,SB Male Adaptor 1 1/2,pc,0,0,0,19
1735,x,SB Male Adaptor 1/2,pc,0,0,0,19
1736,x,SB Male Adaptor 2,pc,0,0,0,19
1737,x,SB Male Adaptor 3/4,pc,0,0,0,19
1738,x,SB Male Adaptor 1/2 Alasco,pc,0,0,0,19
1739,x,SB Male Adaptor 3/4 Alasco,pc,0,0,0,19
1740,x,SB Male Adaptor 1 Alasco,pc,0,0,0,19
1741,x,SB Pipe 1/2,pc,0,0,0,19
1742,x,SB Pipe 3/4,pc,0,0,0,19
1743,x,SB Pipe 1,pc,0,0,0,19
1744,x,SB Pipe 1 1/2,pc,0,0,0,19
1745,x,SB Pipe 2,pc,0,0,0,19
1746,x,SB Plug 1/2,pc,0,0,0,19
1747,x,SB Plug 3/4,pc,0,0,0,19
1748,x,SB Plug 1,pc,0,0,0,19
1749,x,SB Pipe 2 (20ft),pc,0,0,0,19
1750,x,SB Tee w/ T 1/2,pc,0,0,0,19
1751,x,SB Tee w/ T 3/4,pc,0,0,0,19
1752,x,SB Tee w/ T 1,pc,0,0,0,19
1753,x,SB Tee w/ T 1 1/2,pc,0,0,0,19
1754,x,SB Tee w/ T 2,pc,0,0,0,19
1755,x,SB Tee w/o T 1/2,pc,0,0,0,19
1756,x,SB Tee w/o T 3/4,pc,0,0,0,19
1757,x,SB Tee w/o T 1,pc,0,0,0,19
1758,x,SB Tee w/o T 1 1/2,pc,0,0,0,19
1759,x,SB Tee w/o T 2,pc,0,0,0,19
1760,x,SB Union Patente 1/2,pc,0,0,0,19
1761,x,SB Union Patente 3/4,pc,0,0,0,19
1762,x,SB Union Patente 1,pc,0,0,0,19
1763,x,Aluminum Screen Viper 4 ft,meters,0,0,0,20
1764,x,Amazon Screen (meters) 1/2x3,pc,0,0,0,20
1765,x,Amazon Screen (meters) 1/2x4,pc,0,0,0,20
1766,x,Amazon Screen (meters) 1/4x3,meters,0,0,0,20
1767,x,Amazon Screen (meters) 1/4x4,pc,0,0,0,20
1768,x,Amazon Screen (meters) 1/8x3,pc,0,0,0,20
1769,x,Amazon Screen (meters) 1/8x4,pc,0,0,0,20
1770,x,Amazon Screen (meters) 1x3,pc,0,0,0,20
1771,x,Amazon Screen (meters) 1x4,pc,0,0,0,20
1772,x,Amazon Screen (meters) 3/4x3,pc,0,0,0,20
1773,x,Amazon Screen (meters) 3/4x4,pc,0,0,0,20
1774,x,Amazon Screen (meters) 3/8x3,pc,0,0,0,20
1775,x,Amazon Screen (meters) 3/8x4,pc,0,0,0,20
1776,x,Barbed Wires 30 kls,rolls,0,0,0,20
1777,x,Cyclone Wire 3 ft,pc,0,0,0,20
1778,x,Cyclone Wire 4 ft,pc,0,0,0,20
1779,x,Cyclone Wire 5 ft,pc,0,0,0,20
1780,x,Cyclone Wire 6 ft,pc,0,0,0,20
1781,x,Cyclone Wire 4x2,pc,0,0,0,20
1782,x,Cyclone Wire 5x2,pc,0,0,0,20
1783,x,GI Wire #14,pc,0,0,0,20
1784,x,GI Wire #16,1780/kl,0,0,0,20
1785,x,GI Wire #16,rolls,0,0,0,20
1786,x,GI Wire #16,rolls,0,0,0,20
1787,x,GI Wire #18,rolls,0,0,0,20
1788,x,GI Wire #18,pc,0,0,0,20
1789,x,Hardware Cloth 1/4x3,30m/roll,0,0,0,20
1790,x,Hardware Cloth 1/8x3,pc,0,0,0,20
1791,x,Hog Wires 9 holes,rolls,0,0,0,20
1792,x,Steel Matting #10 2x2x4x8,pc,0,0,0,20
1793,x,Steel Matting #12,pc,0,0,0,20
1794,x,Steel Matting #8,pc,0,0,0,20
1795,x,Welded wire (G-16)1/2x4,pc,0,0,0,20
1796,x,Welded wire (G-18) 3/8x4,pc,0,0,0,20
1797,x,Welded wire ( G-18) 1/4x3,pc,0,0,0,20
1798,x,Welded Wire (G-17) 1/2x4,pc,0,0,0,20
1799,x,Welded Wire (G-17) 1x3,pc,0,0,0,20
1800,x,Welded Wire (G-17) 1x4,pc,0,0,0,20
1801,x,Welded wire (G-18) 1/2x3,pc,0,0,0,20
1802,x,Welded wire (G-18) 1/2x4,pc,0,0,0,20
1803,x,Welded wire (G-18) 1/8x3,pc,0,0,0,20
1804,x,Welded wire (G-18) 1x3,pc,0,0,0,20
1805,x,Welded wire (G-18) 1x4,pc,0,0,0,20
1806,x,Window Net-Green,pc,0,0,0,20
1807,x,Door Jamb 2x4 60x210,pc,0,0,0,21
1808,x,Pretty Door Brown 60 x 190,pc,0,0,0,21
1809,x,Pretty Door Brown 60 x 210,pc,0,0,0,21
1810,x,Pretty Door White 60 x 190,pc,0,0,0,21
1811,x,Pretty Door White 60 x 210,pc,0,0,0,21
1812,x,Pretty Door with Dotted blue,pc,0,0,0,21
1813,x,Pretty Door with glass & Louver,pc,0,0,0,21
1814,x,ACR Latex Con Putty White,pc,0,0,0,22
1815,x,Acrylon Roller Brush,pc,0,0,0,22
1816,x,Baby Roller Cotton,pc,0,0,0,22
1817,x,Baby Roller Foam,pc,0,0,0,22
1818,x,Bosny Paints Black,pc,0,0,0,22
1819,x,Bosny Flat Honda Red,pc,0,0,0,22
1820,x,Bosny Signal Red,pc,0,0,0,22
1821,x,Bosny Paints Clear,pc,0,0,0,22
1822,x,Bosny Paints Primer Gray,pc,0,0,0,22
1823,x,Bosny Paints Grass Green,pc,0,0,0,22
1824,x,Bosny Paints Silver,pc,0,0,0,22
1825,x,Bosny Paints White,pc,0,0,0,22
1826,x,Bosny Paints Chrome,pc,0,0,0,22
1827,x,Bosny Tivoli Blue,pc,0,0,0,22
1828,x,Boysen QDE Black Gal,pc,0,0,0,22
1829,x,Boysen Sanding Sealer Gal,pc,0,0,0,22
1830,x,Boysen Sanding Sealer Lit,pc,0,0,0,22
1831,x,Boysen Lacquer Primer Surfacer Gal,pc,0,0,0,22
1832,x,Boysen Flexibond Gal,pc,0,0,0,22
1833,x,Boysen Plasolux Glazing Putty Gal,pc,0,0,0,22
1834,x,Boysen Permacoat Gloss Latex White Gal,pc,0,0,0,22
1835,x,Boysen Flatwall Enamel White Lit,pc,0,0,0,22
1836,x,Boysen Flatwall Enamel White Gal,pc,0,0,0,22
1837,x,Boysen QDE White 1/4,pc,0,0,0,22
1838,x,Boysen QDE White Lit,pc,0,0,0,22
1839,x,Boysen QDE White Gal,pc,0,0,0,22
1840,x,Boysen Latex Gloss White Lit,pc,0,0,0,22
1841,x,Boysen Latex Gloss White Gal,pc,0,0,0,22
1842,x,Boysen Roofguard B. Green Gal,pc,0,0,0,22
1843,x,Boysen Oil Wood Stain Lit,pc,0,0,0,22
1844,x,Boysen Roofguard Spanish Red Gal,pc,0,0,0,22
1845,x,Boysen Mansonry Putty Lit,pc,0,0,0,22
1846,x,Boysen Gloss Latex White TIN,pc,0,0,0,22
1847,x,Buildrite Red Oxide Gal,pc,0,0,0,22
1848,x,Challenger Paint Aluminum,pc,0,0,0,22
1849,x,Challenger Paint Black,pc,0,0,0,22
1850,x,Challenger Paint Blue,pc,0,0,0,22
1851,x,Challenger Paint Gold,pc,0,0,0,22
1852,x,Challenger Paint Green,pc,0,0,0,22
1853,x,Challenger Paint Pink,pc,0,0,0,22
1854,x,Challenger Paint Red,pc,0,0,0,22
1855,x,Challenger Paint Silver,pc,0,0,0,22
1856,x,Challenger Paint White,pc,0,0,0,22
1857,x,Champ Spray Paint Chrome,pc,0,0,0,22
1858,x,Champ Spray Paint Forest Green,pc,0,0,0,22
1859,x,Champ Spray Paint Royal Blue,pc,0,0,0,22
1860,x,Champ Spray Paint Orange,pc,0,0,0,22
1861,x,Champ Spray Paint Polished Black,pc,0,0,0,22
1862,x,Champ Spray Paint,pc,0,0,0,22
1863,x,Champ Spray Paint,pc,0,0,0,22
1864,x,Champ Spray Paint,pc,0,0,0,22
1865,x,Champ Spray Paint,pc,0,0,0,22
1866,x,Champ Roller Brush 7,pc,0,0,0,22
1867,x,Champ Roller Brush 9,pc,0,0,0,22
1868,x,HM Roller Brush 1/2,pc,0,0,0,22
1869,x,Hi Tech Roller Brush 1/2 mini,pc,0,0,0,22
1870,x,Versatex Roller Brush,pc,0,0,0,22
1871,x,Hi Tech Refill Brush,pc,0,0,0,22
1872,x,Champ Roller filler only,pc,0,0,0,22
1873,x,Davies Acrycolor (1/4 L),pc,0,0,0,22
1874,x,Davies Acrycolor (60 mL) Black,pc,0,0,0,22
1875,x,Davies Acrycolor (60 mL) Burnt Sienna,pc,0,0,0,22
1876,x,Davies Acrycolor (60 mL) Toulodine Red,pc,0,0,0,22
1877,x,Davies Acrycolor (60 mL) Venetian Red,pc,0,0,0,22
1878,x,Davies Tinting Color (60ml) Hnza Yellow,pc,0,0,0,22
1879,x,Davies Tinting Color (60ml) Raw Sienna,pc,0,0,0,22
1880,x,Davies Tinting Color (60ml) venetian red,pc,0,0,0,22
1881,x,Davies Lacquer Putty Gal,pc,0,0,0,22
1882,x,Davies Putty Filler White Gal,pc,0,0,0,22
1883,x,Dutchboy Roofmaster United Green Gal,pc,0,0,0,22
1884,x,Dutchboy Roofmaster Blue Gal,pc,0,0,0,22
1885,x,Dutchboy Nalcrete (1L) White,pc,0,0,0,22
1886,x,Dutchboy Paint QDE White (1L),pc,0,0,0,22
1887,x,Dutchboy Paint QDE Dark green (1L),pc,0,0,0,22
1888,x,Dutchboy Paint QDE Caramel Brown (1L),pc,0,0,0,22
1889,x,Dutchboy PaintWood Stain Maple (1L),pc,0,0,0,22
1890,x,Dutchboy Wood Stain Mahogany 1 Lit,pc,0,0,0,22
1891,x,Dutchboy QDE Int'l Red (Gal),pc,0,0,0,22
1892,x,Dutchboy QDE Black Gal,pc,0,0,0,22
1893,x,Dutchboy QDE Black Liter,pc,0,0,0,22
1894,x,Guilder Epoxy Primer Gray w/ Catalyst Gal,pc,0,0,0,22
1895,x,Guilder Epoxy Primer Gray w/ Catalyst Liter,pc,0,0,0,22
1896,x,Hippo (P. Brush) 1,pc,0,0,0,22
1897,x,Paleta,pc,0,0,0,22
1898,x,PanClub (P. Brush) 1,pc,0,0,0,22
1899,x,PanClub (P. Brush) 1 1/2,pc,0,0,0,22
1900,x,PanClub (P. Brush) 3/4,pc,0,0,0,22
1901,x,PanClub (P. Brush)2,pc,0,0,0,22
1902,x,PanClub (P. Brush)3,pc,0,0,0,22
1903,x,PanClub (P. Brush)4,pc,0,0,0,22
1904,x,PanClub (P.Brush) 1/2,pc,0,0,0,22
1905,x,PanClub (P.Brush) 2 1/2,pc,0,0,0,22
1906,x,Pylox Lazer Art Yellow 06,pc,0,0,0,22
1907,x,Pylox Lazer Light Scarlet 13,pc,0,0,0,22
1908,x,Pylox Lazer Orange Red 14,pc,0,0,0,22
1909,x,Pylox Lazer Deep Red 17,pc,0,0,0,22
1910,x,Pylox Lazer Silver 42,pc,0,0,0,22
1911,x,Pylox Lazer Matt Black 47,pc,0,0,0,22
1912,x,Pulox Lazer Gloss Black 48,pc,0,0,0,22
1913,x,Pylox Lazer Primer Gray 145,pc,0,0,0,22
1914,x,Pylox Lazer Light Green 33,pc,0,0,0,22
1915,x,Pylox Lazer Diamond Blue 23,pc,0,0,0,22
1916,x,Pylox Lazer White 02,pc,0,0,0,22
1917,x,Roller Brush w/ handle 7 Hi Tech,pc,0,0,0,22
1918,x,Roller Brush w/ handle 9,pc,0,0,0,22
1919,x,Roller Refill,pc,0,0,0,22
1920,x,Roller Tray,pc,0,0,0,22
1921,x,Sinclair Flatwall Enamel White Lit,pc,0,0,0,22
1922,x,Sinclair Acrul Latex White,pc,0,0,0,22
1923,x,Sphero Epoxy Primer Gray w/ Catalyst,pc,0,0,0,22
1924,x,Super Thoroseal Gal,pc,0,0,0,22
1925,x,W/C Acryclor (60 mL) Hanza Yellow,pc,0,0,0,22
1926,x,W/C Acryclor (60 mL) Lamp Black,pc,0,0,0,22
1927,x,W/C Acryclor (60 mL) Raw Sienna,pc,0,0,0,22
1928,x,W/C Acryclor (60 mL) Thalo Green,pc,0,0,0,22
1929,x,W/C Acryclor (60 mL) Thalo Blue,pc,0,0,0,22
1930,x,W/C Acrycolor (1/4 L) Hanza Yellow,pc,0,0,0,22
1931,x,W/C Acrycolor (1/4 L) Lamp Black,pc,0,0,0,22
1932,x,W/C Acrycolor (1/4 L) Thalo Blue,pc,0,0,0,22
1933,x,W/C Acrycolor (1/4 L) Thalo Green,pc,0,0,0,22
1934,x,W/C Acrycolor (1/4 L) Hanza Yellow,pc,0,0,0,22
1935,x,W/C Acrycolor (1/4L) Raw Sienna,pc,0,0,0,22
1936,x,W/C Epoxy Primer Glazing Putty White,pc,0,0,0,22
1937,x,W/C Tinting Color (1/4 L) Hanza Yellow,pc,0,0,0,22
1938,x,W/C Tinting Color (1/4 L) Lamp Black,pc,0,0,0,22
1939,x,W/C Tinting Color (1/4 L) Pthalo Green,pc,0,0,0,22
1940,x,W/C Tinting Color (1/4 L) Raw Sienna,pc,0,0,0,22
1941,x,W/C Tinting Color (1/4 L) Thalo Blue,pc,0,0,0,22
1942,x,W/C Tinting Color (60 mL) Hanza Yellow,pc,0,0,0,22
1943,x,W/C Tinting Color (60 mL) Lamp Black,pc,0,0,0,22
1944,x,W/C Tinting Color (60 mL) Ptalo Blue,pc,0,0,0,22
1945,x,W/C Tinting Color (60 mL) Raw Sienna,pc,0,0,0,22
1946,x,W/C Tinting Color (60 mL) Thalo Green,pc,0,0,0,22
1947,x,w/o handle,pc,0,0,0,22
1948,x,Welcoat Concrete Putty,pc,0,0,0,22
1949,x,Welcoat Epoxy Primer Gray w/ Catalyst Gal,pc,0,0,0,22
1950,x,Welcoat Epoxy Primer Gray w/ Catalyst Liter,pc,0,0,0,22
1951,x,Welcoat Flatwall Enamel White Gal,pc,0,0,0,22
1952,x,Welcoat Flatwall Enamel White Liter,pc,0,0,0,22
1953,x,Welcoat Flatwall Enamel White Balde,pc,0,0,0,22
1954,x,Welcoat Latex Flat White Gal,pc,0,0,0,22
1955,x,Welcoat Latex Flat White Liter,pc,0,0,0,22
1956,x,Welcoat Latex Flat White Balde,pc,0,0,0,22
1957,x,Welcoat Latex Gloss White Gal,pc,0,0,0,22
1958,x,Welcoat Latex Gloss White Liter,pc,0,0,0,22
1959,x,Welcoat Latex Tile Red Gal,pc,0,0,0,22
1960,x,Welcoat Latex Tile Red Liter,pc,0,0,0,22
1961,x,Welcoat Metal Primer Redoxide 1/2 Lit,pc,0,0,0,22
1962,x,Welcoat Metal Primer Redoxide 1/4 Lit,pc,0,0,0,22
1963,x,Welcoat Metal Primer Redoxide Gal,pc,0,0,0,22
1964,x,Welcoat Metal Primer Redoxide Lit,pc,0,0,0,22
1965,x,Welcoat Plastolux Glazing Putty,pc,0,0,0,22
1966,x,Welcoat QDE Crystal Green Lit,pc,0,0,0,22
1967,x,Welcoat QDE Crystal Blue Lit,pc,0,0,0,22
1968,x,Welcoat QDE Royal Blue Lit,pc,0,0,0,22
1969,x,Welcoat QDE Silver Gray Lit,pc,0,0,0,22
1970,x,Welcoat QDE Choco Brown Lit,pc,0,0,0,22
1971,x,Welcoat QDE Int'l Red Lit,pc,0,0,0,22
1972,x,Welcoat QDE Ivory Lit,pc,0,0,0,22
1973,x,Welcoat Clear Sanding Sealer Lit,pc,0,0,0,22
1974,x,Welcoat Glazing Putty White Lit,pc,0,0,0,22
1975,x,Welcoat Glazing Putty White Gal,pc,0,0,0,22
1976,x,Welcoat QDE Black 1/2 Lit,pc,0,0,0,22
1977,x,Welcoat QDE Black 1/4 Lit,pc,0,0,0,22
1978,x,Welcoat QDE Black Lit,pc,0,0,0,22
1979,x,Welcoat QDE White 1/2 Lit,pc,0,0,0,22
1980,x,Welcoat QDE White 1/4 Lit,pc,0,0,0,22
1981,x,Welcoat QDE White Balde,pc,0,0,0,22
1982,x,Welcoat QDE White Gal,pc,0,0,0,22
1983,x,Welcoat QDE White Liter,pc,0,0,0,22
1984,x,Welcoat QDE Caramel Brown Lit,pc,0,0,0,22
